ObsDateTime,Height,Windspeed,WindDirection,Temperature,Pressure,Humidity
02-07-2019 17:38:07,376.7,2.17,223.83,34,966.1,37.5
02-07-2019 17:38:08,379,2.2,225.75,33.9,965.9,38
02-07-2019 17:38:09,383.1,2.17,226.76,33.9,965.4,38
02-07-2019 17:38:10,385.8,2.18,225.54,33.9,965.1,37.9
02-07-2019 17:38:11,390.2,2.26,222.51,33.9,964.7,37.8
02-07-2019 17:38:12,393.2,2.41,222.65,34,964.4,37
02-07-2019 17:38:13,398,2.56,225.01,34,963.9,36.7
02-07-2019 17:38:14,401.2,2.62,225.09,33.7,963.5,36.6
02-07-2019 17:38:15,406.3,2.61,222.48,33.8,963,35.6
02-07-2019 17:38:16,409.8,2.71,221.57,33.8,962.6,36.1
02-07-2019 17:38:17,415.1,2.88,220.77,33.7,962,35.4
02-07-2019 17:38:18,418.8,3.01,220.62,34,961.7,35
02-07-2019 17:38:19,422.5,3.11,220.1,34.3,961.3,33.9
02-07-2019 17:38:20,426.4,3.18,219.15,34.4,960.8,33.8
02-07-2019 17:38:21,430.4,3.21,218.37,34.3,960.4,33.6
02-07-2019 17:38:22,434.5,3.22,218.31,34.4,960,33.5
02-07-2019 17:38:23,438.8,3.27,219.14,34.5,959.5,33.3
02-07-2019 17:38:24,443.1,3.39,220.09,34.5,959.1,33.2
02-07-2019 17:38:25,447.5,3.53,220.23,34.3,958.6,33.2
02-07-2019 17:38:26,452.1,3.65,219.62,34.2,958.1,33.2
02-07-2019 17:38:27,456.8,3.74,218.88,34.1,957.6,33.2
02-07-2019 17:38:28,461.5,3.86,218.26,34.2,957.1,33.1
02-07-2019 17:38:29,466.4,4,217.96,34.2,956.6,33.1
02-07-2019 17:38:30,471.4,4.14,218.17,34.1,956.1,33.1
02-07-2019 17:38:31,476.4,4.26,218.83,34.1,955.6,33.1
02-07-2019 17:38:32,481.6,4.37,219.79,34,955,33.1
02-07-2019 17:38:33,486.9,4.47,220.82,33.9,954.4,33.1
02-07-2019 17:38:34,492.2,4.58,221.35,33.8,953.9,33.2
02-07-2019 17:38:35,497.7,4.69,221.08,33.8,953.3,33.2
02-07-2019 17:38:36,503.3,4.76,220.11,33.7,952.7,33.3
02-07-2019 17:38:37,509,4.82,219.63,33.7,952.1,33.3
02-07-2019 17:38:38,514.9,4.87,219.69,33.7,951.5,33.4
02-07-2019 17:38:39,520.8,4.93,220.4,33.7,950.9,33.4
02-07-2019 17:38:40,526.9,4.99,221.26,33.7,950.2,33.5
02-07-2019 17:38:41,533,5.06,221.86,33.6,949.6,33.6
02-07-2019 17:38:42,539.3,5.18,222.52,33.5,948.9,33.6
02-07-2019 17:38:43,545.6,5.34,223.12,33.5,948.3,33.7
02-07-2019 17:38:44,552.1,5.45,223.48,33.4,947.6,33.8
02-07-2019 17:38:45,558.7,5.52,223.8,33.3,946.9,33.9
02-07-2019 17:38:46,565.3,5.52,223.62,33.3,946.2,33.9
02-07-2019 17:38:47,572.1,5.51,223.39,33.3,945.5,34
02-07-2019 17:38:48,578.9,5.5,223.36,33.2,944.8,34
02-07-2019 17:38:49,585.7,5.54,223.93,33.1,944,34.1
02-07-2019 17:38:50,592.6,5.63,224.96,33.1,943.3,34.2
02-07-2019 17:38:51,599.4,5.72,226.17,33,942.6,34.3
02-07-2019 17:38:52,606.1,5.79,227.31,32.9,941.9,34.4
02-07-2019 17:38:53,613,5.79,227.11,32.9,941.2,34.5
02-07-2019 17:38:54,620,5.78,226.77,32.8,940.5,34.6
02-07-2019 17:38:55,626.9,5.78,226.79,32.7,939.8,34.7
02-07-2019 17:38:56,633.8,5.84,227.25,32.7,939,34.8
02-07-2019 17:38:57,640.7,5.96,228.61,32.6,938.3,34.9
02-07-2019 17:38:58,647.6,6.08,229.75,32.6,937.6,34.9
02-07-2019 17:38:59,654.4,6.16,230.5,32.5,936.9,35
02-07-2019 17:39:00,661.2,6.21,230.78,32.4,936.2,35.1
02-07-2019 17:39:01,668,6.28,230.97,32.4,935.5,35.2
02-07-2019 17:39:02,674.7,6.42,230.84,32.3,934.8,35.3
02-07-2019 17:39:03,681.3,6.58,230.08,32.3,934.1,35.5
02-07-2019 17:39:04,688,6.69,229.33,32.2,933.4,35.6
02-07-2019 17:39:05,694.6,6.76,229.12,32.1,932.7,35.7
02-07-2019 17:39:06,701.1,6.86,229.68,32,932,35.9
02-07-2019 17:39:07,707.7,7.01,230.93,32,931.4,35.9
02-07-2019 17:39:08,714.2,7.18,232.08,31.9,930.7,36
02-07-2019 17:39:09,720.7,7.29,232.77,31.8,930,36.1
02-07-2019 17:39:10,727.1,7.33,233,31.8,929.3,36.3
02-07-2019 17:39:11,733.5,7.34,232.72,31.6,928.7,36.5
02-07-2019 17:39:12,739.9,7.37,232.34,31.6,928,36.7
02-07-2019 17:39:13,746.2,7.44,232.48,31.5,927.4,36.8
02-07-2019 17:39:14,752.5,7.53,233.32,31.5,926.7,37
02-07-2019 17:39:15,758.8,7.62,234.58,31.4,926.1,37.1
02-07-2019 17:39:16,765,7.72,235.71,31.4,925.4,37.3
02-07-2019 17:39:17,771.2,7.83,236.59,31.3,924.8,37.4
02-07-2019 17:39:18,777.4,7.95,237.25,31.3,924.2,37.5
02-07-2019 17:39:19,783.6,8.05,237.61,31.3,923.5,37.5
02-07-2019 17:39:20,789.8,8.14,237.78,31.2,922.9,37.7
02-07-2019 17:39:21,795.9,8.23,237.96,31.2,922.2,37.8
02-07-2019 17:39:20,802.1,8.34,238.26,31.1,921.6,37.9
02-07-2019 17:39:23,808.2,8.44,238.55,31,921,38
02-07-2019 17:39:24,814.3,8.5,238.76,31,920.4,38.1
02-07-2019 17:39:25,820.3,8.53,239.24,31,919.8,38.3
02-07-2019 17:39:26,826.3,8.6,239.98,30.9,919.2,38.3
02-07-2019 17:39:27,832.4,8.72,240.76,30.8,918.5,38.4
02-07-2019 17:39:28,838.4,8.87,241.33,30.8,917.9,38.5
02-07-2019 17:39:29,844.3,9.02,241.7,30.7,917.3,38.6
02-07-2019 17:39:30,850.3,9.13,242.05,30.7,916.7,38.7
02-07-2019 17:39:31,856.2,9.22,242.43,30.6,916.1,38.8
02-07-2019 17:39:32,862.1,9.31,242.79,30.6,915.5,38.8
02-07-2019 17:39:33,868,9.38,243.06,30.5,914.9,39
02-07-2019 17:39:34,873.8,9.42,243.24,NaN,914.3,39.1
02-07-2019 17:39:35,879.6,9.43,243.5,30.4,913.7,39.3
02-07-2019 17:39:36,885.4,9.46,243.77,30.4,913.1,39.3
02-07-2019 17:39:37,891.1,9.55,244.03,30.3,912.5,39.4
02-07-2019 17:39:38,896.8,9.68,244.04,30.2,911.9,39.5
02-07-2019 17:39:39,902.5,9.84,243.9,30.2,911.4,39.6
02-07-2019 17:39:40,908.1,10,243.65,30.2,910.8,39.7
02-07-2019 17:39:41,913.7,10.15,243.53,30.1,910.2,39.8
02-07-2019 17:39:42,919.3,10.28,243.74,30.1,909.6,39.9
02-07-2019 17:39:43,924.8,10.31,244.12,30,909.1,40
02-07-2019 17:39:44,930.3,10.24,244.54,30,908.5,40.1
02-07-2019 17:39:45,935.8,10.19,244.82,29.9,908,40.2
02-07-2019 17:39:46,941.2,10.18,244.89,29.9,907.4,40.3
02-07-2019 17:39:47,946.6,10.26,244.96,29.8,906.9,40.5
02-07-2019 17:39:48,951.9,10.34,244.83,29.8,906.3,40.6
02-07-2019 17:39:49,957.1,10.42,244.55,29.7,905.8,40.7
02-07-2019 17:39:50,962.4,10.47,244.42,29.7,905.3,40.7
02-07-2019 17:39:51,967.6,10.46,244.57,29.6,904.8,40.9
02-07-2019 17:39:52,972.9,10.43,245.01,29.6,904.2,41
02-07-2019 17:39:53,978.3,10.38,245.56,29.5,903.7,41.1
02-07-2019 17:39:54,983.5,10.41,246.38,29.5,903.1,41.1
02-07-2019 17:39:55,988.6,10.46,246.91,29.5,902.6,41.3
02-07-2019 17:39:56,993.7,10.51,246.88,29.4,902.1,41.4
02-07-2019 17:39:57,998.8,10.52,246.37,29.3,901.6,41.5
02-07-2019 17:39:58,1003.8,10.46,245.79,29.3,901.1,41.6
02-07-2019 17:39:59,1008.9,10.38,245.7,29.3,900.6,41.7
02-07-2019 17:40:00,1013.9,10.32,246.14,29.2,900.1,41.8
02-07-2019 17:40:01,1018.9,10.31,246.89,29.2,899.5,41.8
02-07-2019 17:40:02,1023.9,10.33,247.32,29.2,899,41.9
02-07-2019 17:40:03,1029,10.34,247.51,29.1,898.5,42
02-07-2019 17:40:04,1034,10.38,247.73,29.1,898,42.2
02-07-2019 17:40:05,1039,10.41,247.89,29,897.5,42.3
02-07-2019 17:40:06,1044.1,10.44,247.71,29,897,42.3
02-07-2019 17:40:07,1049.1,10.42,247.22,29,896.5,42.4
02-07-2019 17:40:08,1054.1,10.36,246.63,28.9,896,42.5
02-07-2019 17:40:09,1059.1,10.27,246.38,28.9,895.5,42.6
02-07-2019 17:40:10,1064.1,10.18,246.55,28.8,895,42.7
02-07-2019 17:40:11,1069.1,10.13,247.05,28.8,894.5,42.8
02-07-2019 17:40:12,1074.1,10.16,247.65,28.7,894,42.9
02-07-2019 17:40:13,1079.1,10.23,248.17,28.7,893.5,43
02-07-2019 17:40:14,1084.1,10.34,248.33,28.6,893,43.1
02-07-2019 17:40:15,1089.1,10.46,248.29,28.6,892.5,43.2
02-07-2019 17:40:16,1094.1,10.54,248.16,28.6,892,43.3
02-07-2019 17:40:17,1099.1,10.56,248.03,28.5,891.5,43.4
02-07-2019 17:40:18,1104.1,10.54,247.82,28.5,891,43.5
02-07-2019 17:40:19,1109,10.49,247.57,28.4,890.5,43.6
02-07-2019 17:40:20,1114,10.45,247.44,28.4,890,43.8
02-07-2019 17:40:21,1118.9,10.43,247.52,28.3,889.6,43.9
02-07-2019 17:40:22,1123.8,10.42,247.7,28.3,889.1,43.9
02-07-2019 17:40:23,1128.7,10.4,247.78,28.2,888.6,44.1
02-07-2019 17:40:24,1133.6,10.37,247.8,28.1,888.1,44.2
02-07-2019 17:40:25,1138.5,10.35,247.77,28.1,887.6,44.4
02-07-2019 17:40:26,1143.4,10.32,247.71,28,887.1,44.5
02-07-2019 17:40:27,1148.3,10.28,247.87,28,886.6,44.6
02-07-2019 17:40:28,1153.1,10.26,248.15,27.9,886.1,44.7
02-07-2019 17:40:29,1158,10.25,248.41,27.9,885.7,44.8
02-07-2019 17:40:30,1162.9,10.23,248.7,27.9,885.2,44.9
02-07-2019 17:40:31,1167.8,10.23,248.86,27.8,884.7,44.9
02-07-2019 17:40:32,1172.7,10.22,248.76,27.7,884.2,45
02-07-2019 17:40:33,1177.6,10.18,248.39,27.7,883.7,45.2
02-07-2019 17:40:34,1182.5,10.17,247.88,27.6,883.2,45.3
02-07-2019 17:40:35,1187.3,10.2,247.44,27.6,882.7,45.5
02-07-2019 17:40:36,1192.2,10.26,247.13,27.6,882.2,45.5
02-07-2019 17:40:37,1197.1,10.3,246.98,27.5,881.8,45.6
02-07-2019 17:40:38,1201.9,10.27,247.08,27.5,881.3,45.7
02-07-2019 17:40:39,1206.8,10.17,247.42,27.5,880.8,45.8
02-07-2019 17:40:40,1211.7,10.05,247.94,27.4,880.3,45.9
02-07-2019 17:40:41,1216.6,9.97,248.44,27.4,879.8,46
02-07-2019 17:40:42,1221.5,9.93,248.73,27.3,879.3,46.2
02-07-2019 17:40:43,1226.4,9.92,248.72,27.2,878.8,46.3
02-07-2019 17:40:44,1231.3,9.96,248.45,27.2,878.4,46.4
02-07-2019 17:40:45,1236.2,10.06,248.14,27.1,877.9,46.5
02-07-2019 17:40:46,1241.1,10.17,247.9,27.1,877.4,46.5
02-07-2019 17:40:47,1246,10.26,247.66,27,876.9,46.7
02-07-2019 17:40:48,1250.9,10.33,247.57,27,876.4,46.8
02-07-2019 17:40:49,1255.9,10.35,247.8,27,875.9,46.9
02-07-2019 17:40:50,1260.9,10.3,248.4,26.9,875.4,47
02-07-2019 17:40:51,1266,10.2,248.8,26.9,874.9,47.1
02-07-2019 17:40:52,1271.1,10.1,248.71,26.8,874.4,47.3
02-07-2019 17:40:53,1276.2,10.07,248.03,26.8,873.9,47.3
02-07-2019 17:40:54,1281.3,10.1,247.25,26.7,873.4,47.5
02-07-2019 17:40:55,1286.5,10.13,246.98,26.6,872.9,47.6
02-07-2019 17:40:56,1291.8,10.15,247.15,26.6,872.4,47.7
02-07-2019 17:40:57,1297,10.11,247.79,26.6,871.9,47.9
02-07-2019 17:40:58,1302.3,10.07,248.48,26.5,871.4,48
02-07-2019 17:40:59,1307.6,10.09,248.66,26.4,870.8,48.2
02-07-2019 17:41:00,1313,10.12,248.29,26.4,870.3,48.3
02-07-2019 17:41:01,1318.3,10.19,247.71,26.4,869.8,48.3
02-07-2019 17:41:02,1323.8,10.22,247.28,26.3,869.2,48.4
02-07-2019 17:41:03,1329.2,10.18,247.31,26.3,868.7,48.5
02-07-2019 17:41:04,1334.7,10.08,247.79,26.3,868.1,48.6
02-07-2019 17:41:05,1340.3,9.97,248.13,26.2,867.6,48.8
02-07-2019 17:41:06,1345.8,9.89,248.29,26.2,867.1,49
02-07-2019 17:41:07,1351.4,9.88,248.29,26.1,866.5,49.2
02-07-2019 17:41:08,1357,9.94,248.41,26.1,865.9,49.3
02-07-2019 17:41:09,1362.7,10.02,248.7,26,865.4,49.4
02-07-2019 17:41:10,1368.3,10.11,249.05,25.9,864.8,49.5
02-07-2019 17:41:11,1374,10.22,249.26,25.9,864.3,49.6
02-07-2019 17:41:12,1379.7,10.27,249.22,25.9,863.7,49.8
02-07-2019 17:41:13,1385.3,10.26,249.21,25.8,863.2,49.8
02-07-2019 17:41:14,1391,10.21,249.39,25.8,862.6,50
02-07-2019 17:41:15,1396.7,10.1,249.64,25.7,862.1,50.1
02-07-2019 17:41:16,1402.4,9.96,249.62,25.7,861.5,50.2
02-07-2019 17:41:17,1408.1,9.82,249.29,25.6,861,50.3
02-07-2019 17:41:18,1413.8,9.72,248.89,25.5,860.4,50.5
02-07-2019 17:41:19,1419.5,9.66,248.67,25.5,859.9,50.7
02-07-2019 17:41:20,1425.3,9.65,248.7,25.4,859.3,50.8
02-07-2019 17:41:21,1431,9.68,248.87,25.4,858.7,51
02-07-2019 17:41:22,1436.7,9.74,249.11,25.3,858.2,51.2
02-07-2019 17:41:23,1442.5,9.85,249.38,25.2,857.6,51.3
02-07-2019 17:41:24,1448.2,9.97,249.66,25.2,857.1,51.5
02-07-2019 17:41:25,1454,10.05,249.92,25.1,856.5,51.7
02-07-2019 17:41:26,1459.7,10.08,250.07,25,856,51.8
02-07-2019 17:41:27,1465.5,10.06,250.09,25,855.4,51.9
02-07-2019 17:41:28,1471.2,9.99,249.89,24.9,854.9,52.1
02-07-2019 17:41:29,1477,9.87,249.73,24.9,854.3,52.2
02-07-2019 17:41:30,1482.7,9.74,249.82,24.8,853.8,52.4
02-07-2019 17:41:31,1488.4,9.63,250.11,24.7,853.2,52.6
02-07-2019 17:41:32,1494.2,9.52,250.51,24.7,852.6,52.8
02-07-2019 17:41:33,1500,9.45,251.09,24.6,852.1,52.9
02-07-2019 17:41:34,1505.8,9.42,251.91,24.6,851.5,53.1
02-07-2019 17:41:35,1511.7,9.43,252.85,24.5,850.9,53.3
02-07-2019 17:41:36,1517.5,9.43,253.47,NaN,850.4,53.4
02-07-2019 17:41:37,1523.4,9.41,253.79,24.4,849.8,53.6
02-07-2019 17:41:38,1529.3,9.4,253.87,24.3,849.2,53.8
02-07-2019 17:41:39,1535.2,9.48,253.97,24.2,848.6,54
02-07-2019 17:41:40,1541.1,9.63,254.01,24.2,848.1,54.1
02-07-2019 17:41:41,1547.1,9.76,253.9,24.2,847.5,54.2
02-07-2019 17:41:42,1553,9.82,253.9,24.1,846.9,54.3
02-07-2019 17:41:43,1558.9,9.78,253.97,24.1,846.4,54.4
02-07-2019 17:41:44,1564.9,9.67,254.08,24,845.8,54.6
02-07-2019 17:41:45,1570.9,9.54,254.23,24,845.2,54.8
02-07-2019 17:41:46,1576.9,9.45,254.38,23.9,844.6,54.9
02-07-2019 17:41:47,1582.9,9.43,254.45,23.8,844.1,55.1
02-07-2019 17:41:48,1588.9,9.42,254.8,23.8,843.5,55.2
02-07-2019 17:41:49,1595,9.43,255.13,23.8,842.9,55.4
02-07-2019 17:41:50,1601.1,9.43,255.49,23.7,842.3,55.5
02-07-2019 17:41:51,1607.1,9.46,255.77,23.6,841.7,55.7
02-07-2019 17:41:52,1613.2,9.5,255.94,23.6,841.1,55.8
02-07-2019 17:41:53,1619.2,9.52,256.09,23.6,840.5,56
02-07-2019 17:41:54,1625.3,9.47,256.22,23.5,840,56.1
02-07-2019 17:41:55,1631.3,9.38,256.65,23.5,839.4,56.3
02-07-2019 17:41:56,1637.4,9.26,256.8,23.4,838.8,56.4
02-07-2019 17:41:57,1643.5,9.27,256.81,23.3,838.2,56.6
02-07-2019 17:41:58,1649.6,9.34,256.34,23.3,837.6,56.7
02-07-2019 17:41:59,1655.6,9.43,255.96,23.2,837,56.8
02-07-2019 17:42:00,1661.6,9.46,255.98,23.2,836.4,57
02-07-2019 17:42:01,1667.6,9.41,256.4,23.2,835.9,57.2
02-07-2019 17:42:02,1673.6,9.3,256.86,23.1,835.3,57.5
02-07-2019 17:42:03,1679.5,9.21,256.93,23,834.7,57.7
02-07-2019 17:42:04,1685.4,9.17,256.65,23,834.2,57.8
02-07-2019 17:42:05,1691.3,9.23,256.06,22.9,833.6,58
02-07-2019 17:42:06,1697.1,9.33,255.99,22.9,833.1,58.1
02-07-2019 17:42:07,1702.9,9.41,256.45,22.8,832.5,58.3
02-07-2019 17:42:08,1708.8,9.43,257.32,22.8,831.9,58.5
02-07-2019 17:42:09,1714.6,9.36,257.96,22.7,831.4,58.8
02-07-2019 17:42:10,1720.4,9.27,258.19,22.6,830.8,58.9
02-07-2019 17:42:11,1726.3,9.22,257.99,22.6,830.3,59
02-07-2019 17:42:12,1732.1,9.21,257.51,22.6,829.7,59
02-07-2019 17:42:13,1738,9.18,257.01,22.5,829.1,59.3
02-07-2019 17:42:14,1743.9,9.12,256.48,22.5,828.6,59.3
02-07-2019 17:42:15,1749.9,9.04,256.14,22.5,828,59.4
02-07-2019 17:42:16,1755.8,8.98,256.15,22.4,827.5,59.6
02-07-2019 17:42:17,1761.8,9,256.56,22.4,826.9,59.8
02-07-2019 17:42:18,1767.7,9.08,257.08,22.3,826.4,60
02-07-2019 17:42:19,1773.7,9.18,257.44,22.2,825.8,60.1
02-07-2019 17:42:20,1779.6,9.21,257.62,22.2,825.2,60.2
02-07-2019 17:42:21,1785.6,9.15,257.88,22.1,824.7,60.5
02-07-2019 17:42:22,1791.6,9.02,258.22,22,824.1,60.8
02-07-2019 17:42:23,1797.6,8.87,258.49,21.9,823.5,60.9
02-07-2019 17:42:24,1803.5,8.73,258.49,21.9,823,60.9
02-07-2019 17:42:25,1809.5,8.64,258.02,21.9,822.4,61.2
02-07-2019 17:42:26,1815.5,8.6,257.58,NaN,821.8,NaN
02-07-2019 17:42:28,1821.5,8.62,257.46,21.7,821.3,61.8
02-07-2019 17:42:29,1827.5,8.68,257.56,21.6,820.7,62
02-07-2019 17:42:30,1833.5,8.74,257.65,21.5,820.1,62.4
02-07-2019 17:42:31,1839.5,8.77,257.73,21.5,819.6,62.5
02-07-2019 17:42:32,1845.5,8.75,257.83,21.4,819,62.6
02-07-2019 17:42:33,1851.6,8.73,257.9,21.4,818.4,62.8
02-07-2019 17:42:34,1857.6,8.76,257.96,21.4,817.8,63
02-07-2019 17:42:35,1863.6,8.8,257.84,21.3,817.3,63.3
02-07-2019 17:42:36,1869.6,8.81,257.28,21.2,816.7,63.5
02-07-2019 17:42:37,1875.6,8.73,256.46,21.2,816.1,63.7
02-07-2019 17:42:38,1881.7,8.62,255.69,21.1,815.5,64
02-07-2019 17:42:39,1887.7,8.53,255.53,21,815,64.2
02-07-2019 17:42:40,1893.7,8.51,256.08,21,814.4,64.3
02-07-2019 17:42:41,1899.8,8.49,256.88,20.9,813.8,64.5
02-07-2019 17:42:42,1905.8,8.46,257.4,20.9,813.3,64.6
02-07-2019 17:42:43,1911.8,8.44,257.64,20.8,812.7,64.7
02-07-2019 17:42:44,1917.8,8.43,257.42,20.8,812.1,65
02-07-2019 17:42:45,1923.9,8.43,256.9,20.7,811.5,65.3
02-07-2019 17:42:46,1929.9,8.43,256.3,20.6,811,65.4
02-07-2019 17:42:47,1935.9,8.41,255.89,20.6,810.4,65.4
02-07-2019 17:42:48,1941.9,8.38,255.86,20.6,809.8,65.6
02-07-2019 17:42:49,1948,8.31,256.44,20.5,809.3,65.7
02-07-2019 17:42:50,1954,8.25,257.15,20.5,808.7,65.8
02-07-2019 17:42:51,1959.9,8.23,257.87,20.4,808.1,66.1
02-07-2019 17:42:52,1965.9,8.23,257.98,20.4,807.6,66.2
02-07-2019 17:42:53,1971.8,8.24,257.56,20.3,807,66.3
02-07-2019 17:42:54,1977.6,8.28,257.26,20.3,806.5,66.4
02-07-2019 17:42:55,1983.5,8.33,257.1,20.2,805.9,66.5
02-07-2019 17:42:56,1989.3,8.38,257.14,20.2,805.4,66.7
02-07-2019 17:42:57,1995.1,8.38,256.94,20.1,804.9,66.9
02-07-2019 17:42:58,2000.8,8.36,257.07,20.1,804.3,67.2
02-07-2019 17:42:59,2006.4,8.24,257.26,20,803.8,67.5
02-07-2019 17:43:00,2012,8.14,258,19.9,803.3,68
02-07-2019 17:43:01,2017.6,8.11,258.7,19.9,802.8,68.1
02-07-2019 17:43:02,2023.2,8.15,259.13,19.8,802.3,68.3
02-07-2019 17:43:03,2028.8,8.24,259.68,19.8,801.8,68.4
02-07-2019 17:43:04,2034.4,8.32,260.44,19.7,801.2,68.7
02-07-2019 17:43:05,2040,8.33,261.29,19.6,800.7,69
02-07-2019 17:43:06,2045.7,8.28,261.96,19.6,800.2,68.8
02-07-2019 17:43:07,2051.3,8.15,262.36,19.5,799.7,69.2
02-07-2019 17:43:08,2056.9,8.04,262.26,19.5,799.2,69.3
02-07-2019 17:43:09,2062.5,8,261.87,19.4,798.7,69.4
02-07-2019 17:43:10,2068,8.06,261.44,19.4,798.2,69.5
02-07-2019 17:43:11,2073.6,8.17,261.45,19.3,797.6,69.7
02-07-2019 17:43:12,2079.1,8.22,261.72,19.3,797.1,70
02-07-2019 17:43:13,2084.6,8.21,262.47,19.2,796.6,70.2
02-07-2019 17:43:14,2090,8.12,263.64,19.2,796.1,70.2
02-07-2019 17:43:15,2095.4,8.05,264.64,19.1,795.6,70.5
02-07-2019 17:43:16,2100.8,8.02,265.28,19.1,795.1,70.7
02-07-2019 17:43:17,2106.2,8.06,265.25,18.9,794.6,71
02-07-2019 17:43:18,2111.5,8.12,264.64,18.8,794.1,71.4
02-07-2019 17:43:19,2116.9,8.16,263.93,18.8,793.7,71.6
02-07-2019 17:43:20,2122.2,8.17,263.71,18.8,793.2,71.7
02-07-2019 17:43:21,2127.5,8.12,264.21,18.7,792.7,71.8
02-07-2019 17:43:22,2132.8,8.09,265.32,18.6,792.2,71.9
02-07-2019 17:43:23,2138.1,8.07,266.07,18.6,791.7,72.2
02-07-2019 17:43:24,2143.3,8.11,266.33,18.5,791.2,72.4
02-07-2019 17:43:25,2148.6,8.18,266.28,18.5,790.7,72.7
02-07-2019 17:43:26,2153.9,8.26,266.21,18.4,790.3,72.7
02-07-2019 17:43:27,2159.2,8.34,266.72,18.3,789.8,72.8
02-07-2019 17:43:28,2164.4,8.37,267.42,18.3,789.3,73
02-07-2019 17:43:29,2169.7,8.32,267.91,18.3,788.8,73.1
02-07-2019 17:43:30,2175,8.21,268.2,18.2,788.3,73.4
02-07-2019 17:43:31,2180.2,8.1,268.33,18.2,787.8,73.7
02-07-2019 17:43:32,2185.4,8.06,268.15,18.1,787.4,73.9
02-07-2019 17:43:33,2190.7,8.1,267.56,18.1,786.9,74.2
02-07-2019 17:43:34,2195.9,8.11,267,18,786.4,74.3
02-07-2019 17:43:35,2201.2,8.14,267.05,18,785.9,74.5
02-07-2019 17:43:36,2206.5,8.1,267.58,17.9,785.4,74.8
02-07-2019 17:43:37,2211.8,8.02,268.34,17.8,785,75.1
02-07-2019 17:43:38,2217,7.99,268.95,17.8,784.5,75.3
02-07-2019 17:43:39,2222.2,8.04,269.31,17.8,784,75.4
02-07-2019 17:43:40,2227.4,8.12,269.1,17.7,783.5,75.5
02-07-2019 17:43:41,2232.6,8.2,268.71,17.6,783,75.7
02-07-2019 17:43:42,2237.8,8.2,268.44,17.6,782.6,76
02-07-2019 17:43:43,2242.9,8.16,268.65,17.6,782.1,76.1
02-07-2019 17:43:44,2248.1,8.09,269.22,17.5,781.6,76.2
02-07-2019 17:43:45,2253.3,8,269.94,17.5,781.1,76.4
02-07-2019 17:43:46,2258.4,7.92,270.7,17.4,780.7,76.8
02-07-2019 17:43:47,2263.5,7.9,271.24,17.4,780.2,77.1
02-07-2019 17:43:48,2268.6,7.96,271.41,17.3,779.7,77.3
02-07-2019 17:43:49,2273.7,8.02,271.21,17.3,779.3,77.5
02-07-2019 17:43:50,2278.8,8.1,270.79,17.2,778.8,77.7
02-07-2019 17:43:51,2283.9,8.16,270.55,17.2,778.3,77.9
02-07-2019 17:43:52,2289,8.16,270.62,17.1,777.9,78.2
02-07-2019 17:43:53,2294.1,8.1,270.93,17.1,777.4,78.3
02-07-2019 17:43:54,2299.3,8.02,271.21,17,776.9,78.6
02-07-2019 17:43:55,2304.4,7.9,271.21,17,776.5,78.9
02-07-2019 17:43:56,2309.5,7.82,271.22,16.9,776,79.1
02-07-2019 17:43:57,2314.6,7.82,271.33,16.9,775.6,79.4
02-07-2019 17:43:58,2319.8,7.89,271.19,16.8,775.1,79.6
02-07-2019 17:43:59,2324.9,8.02,270.64,16.8,774.6,79.8
02-07-2019 17:44:00,2330,8.14,270.04,16.7,774.2,79.9
02-07-2019 17:44:01,2335.2,8.16,269.43,16.7,773.7,80.1
02-07-2019 17:44:02,2340.3,8.1,269.18,16.6,773.2,80.4
02-07-2019 17:44:03,2345.5,7.97,269.2,16.6,772.7,80.6
02-07-2019 17:44:04,2350.7,7.88,268.71,NaN,772.3,NaN
02-07-2019 17:44:06,2355.9,7.87,267.84,16.4,771.8,81.2
02-07-2019 17:44:07,2361.1,7.93,266.85,16.4,771.3,81.2
02-07-2019 17:44:08,2366.3,7.98,265.94,16.3,770.9,81.3
02-07-2019 17:44:09,2371.5,8.02,265.51,16.3,770.4,81.6
02-07-2019 17:44:10,2376.8,7.99,265.69,16.2,769.9,81.8
02-07-2019 17:44:11,2382.1,7.94,266.14,16.2,769.4,81.9
02-07-2019 17:44:12,2387.5,7.89,266.48,16.1,768.9,82.3
02-07-2019 17:44:13,2392.9,7.88,266.17,16.1,768.5,82.6
02-07-2019 17:44:14,2398.4,7.87,265.46,16,768,82.8
02-07-2019 17:44:15,2403.8,7.81,264.73,16,767.5,83.1
02-07-2019 17:44:16,2409.4,7.76,264.15,15.9,767,83.1
02-07-2019 17:44:17,2414.9,7.73,263.96,15.9,766.5,83.4
02-07-2019 17:44:18,2420.6,7.7,264.05,15.8,766,83.6
02-07-2019 17:44:19,2426.2,7.7,264.63,15.8,765.5,NaN
02-07-2019 17:44:20,2432,7.68,265.65,15.7,764.9,84.2
02-07-2019 17:44:21,2437.7,7.65,266.81,15.7,764.4,84.5
02-07-2019 17:44:22,2443.4,7.57,267.41,15.6,763.9,84.7
02-07-2019 17:44:23,2449.1,7.47,267.36,15.6,763.4,84.9
02-07-2019 17:44:24,2454.9,7.39,266.74,15.5,762.9,85.1
02-07-2019 17:44:25,2460.7,7.36,266.02,15.5,762.4,85.3
02-07-2019 17:44:26,2466.4,7.36,265.53,15.4,761.9,85.5
02-07-2019 17:44:27,2472.2,7.4,265.45,15.4,761.3,85.5
02-07-2019 17:44:28,2478,7.44,265.81,15.3,760.8,85.9
02-07-2019 17:44:29,2483.8,7.44,266.06,15.3,760.3,86.1
02-07-2019 17:44:30,2489.6,7.42,266.13,15.2,759.8,86.4
02-07-2019 17:44:31,2495.4,7.42,266.14,15.2,759.3,86.8
02-07-2019 17:44:32,2501.2,7.43,266.19,15.1,758.8,87.1
02-07-2019 17:44:33,2507,7.42,266.42,15.1,758.3,87.2
02-07-2019 17:44:34,2512.8,7.4,266.7,15,757.8,87.7
02-07-2019 17:44:35,2518.7,7.36,267,14.9,757.2,88
02-07-2019 17:44:36,2524.5,7.38,267.15,14.9,756.7,88.4
02-07-2019 17:44:37,2530.3,7.38,266.94,14.8,756.2,88.5
02-07-2019 17:44:38,2536.1,7.4,266.78,14.8,755.7,88.7
02-07-2019 17:44:39,2541.9,7.43,266.93,NaN,755.2,89.1
02-07-2019 17:44:40,2547.7,7.42,267.17,14.6,754.7,89.3
02-07-2019 17:44:41,2553.6,7.36,267.42,14.6,754.2,89.6
02-07-2019 17:44:42,2559.5,7.29,267.53,14.5,753.6,89.8
02-07-2019 17:44:43,2565.3,7.22,267.43,14.5,753.1,90
02-07-2019 17:44:44,2571.2,7.2,267.11,14.4,752.6,90.5
02-07-2019 17:44:45,2577.1,7.22,266.54,14.3,752,90.3
02-07-2019 17:44:46,2583,7.25,266.05,14.3,751.5,90.6
02-07-2019 17:44:47,2588.9,7.28,265.77,14.3,751,90.7
02-07-2019 17:44:48,2594.9,7.31,265.76,NaN,750.4,NaN
02-07-2019 17:44:50,2600.8,7.28,265.96,14.1,749.9,91.2
02-07-2019 17:44:51,2606.8,7.21,266.31,14.1,749.4,91.7
02-07-2019 17:44:52,2612.8,7.15,267.01,14,748.9,92.1
02-07-2019 17:44:53,2618.9,7.1,267.66,13.9,748.3,92.5
02-07-2019 17:44:54,2624.9,7.1,267.83,13.9,747.8,92.5
02-07-2019 17:44:55,2630.9,7.14,267.21,13.8,747.3,93
02-07-2019 17:44:56,2637,7.18,266.58,13.8,746.8,92.8
02-07-2019 17:44:57,2643.1,7.25,266.24,13.7,746.2,93.1
02-07-2019 17:44:58,2649.3,7.26,266.88,13.7,745.7,93.2
02-07-2019 17:44:59,2655.5,7.32,267.65,13.7,745.1,93.2
02-07-2019 17:45:00,2661.7,7.41,268.17,13.6,744.6,93.7
02-07-2019 17:45:01,2668,7.47,268.4,13.5,744,94.6
02-07-2019 17:45:02,2674.2,7.43,268.63,13.5,743.5,94.9
02-07-2019 17:45:03,2680.5,7.32,268.65,13.4,742.9,95.1
02-07-2019 17:45:04,2686.7,7.21,268.64,13.3,742.4,95.2
02-07-2019 17:45:05,2692.9,7.18,268.74,13.3,741.8,95.4
02-07-2019 17:45:06,2699.1,7.22,268.7,13.2,741.3,96
02-07-2019 17:45:07,2705.3,7.23,268.89,13.2,740.8,95.9
02-07-2019 17:45:08,2711.6,7.24,269.38,13.1,740.2,96.3
02-07-2019 17:45:09,2717.8,7.26,270.24,13.1,739.7,95.9
02-07-2019 17:45:10,2724,7.32,271.04,13,739.1,97
02-07-2019 17:45:11,2730.2,7.38,271.51,12.9,738.6,97
02-07-2019 17:45:12,2736.4,7.47,271.56,12.9,738,97.3
02-07-2019 17:45:13,2742.7,7.53,271.84,12.8,737.5,97.7
02-07-2019 17:45:14,2748.9,7.57,272,12.8,737,97.8
02-07-2019 17:45:15,2755.1,7.57,272.23,12.7,736.4,98
02-07-2019 17:45:16,2761.3,7.58,272.79,12.7,735.9,98.6
02-07-2019 17:45:17,2767.5,7.6,273.09,12.6,735.3,98.9
02-07-2019 17:45:18,2773.7,7.61,273,12.5,734.8,99.2
02-07-2019 17:45:19,2779.9,7.65,272.98,12.5,734.3,99.8
02-07-2019 17:45:20,2786.1,7.72,273.05,12.5,733.7,99.8
02-07-2019 17:45:21,2792.2,7.75,272.72,12.4,733.2,99.6
02-07-2019 17:45:22,2798.3,7.78,271.9,12.3,732.6,99.8
02-07-2019 17:45:23,2804.5,7.82,270.88,12.3,732.1,100
02-07-2019 17:45:24,2810.6,7.91,270.38,12.3,731.6,100
02-07-2019 17:45:25,2816.9,8.05,270.15,12.2,731,100
02-07-2019 17:45:26,2823.2,8.08,270.74,12.2,730.5,100
02-07-2019 17:45:27,2829.5,8.12,271.39,NaN,729.9,NaN
02-07-2019 17:45:29,2835.9,8.16,271.87,12.1,729.4,100
02-07-2019 17:45:30,2842.4,8.17,272.02,12,728.8,100
02-07-2019 17:45:31,2848.8,8.15,272.42,12,728.3,100
02-07-2019 17:45:32,2855.3,8.1,272.97,12,727.7,100
02-07-2019 17:45:33,2861.9,8.03,273.12,11.9,727.1,100
02-07-2019 17:45:34,2868.4,7.98,272.86,11.9,726.6,100
02-07-2019 17:45:35,2874.9,7.99,272.25,11.9,726,100
02-07-2019 17:45:36,2881.5,8.06,271.57,11.8,725.5,100
02-07-2019 17:45:37,2888,8.19,271.16,11.8,724.9,100
02-07-2019 17:45:38,2894.6,8.32,271.38,11.8,724.3,100
02-07-2019 17:45:39,2901.1,8.39,272.08,11.7,723.8,100
02-07-2019 17:45:40,2907.7,8.36,272.78,11.7,723.2,100
02-07-2019 17:45:41,2914.3,8.29,273.12,11.7,722.6,100
02-07-2019 17:45:42,2920.8,8.24,272.93,11.4,722.1,99.5
02-07-2019 17:45:43,2927.4,8.24,272.7,NaN,721.5,NaN
02-07-2019 17:45:45,2933.9,8.3,272.74,11.3,720.9,100
02-07-2019 17:45:46,2940.5,8.39,273.09,11.4,720.4,100
02-07-2019 17:45:47,2947.2,8.48,273.41,11.3,719.8,100
02-07-2019 17:45:48,2953.9,8.52,273.99,11.2,719.2,100
02-07-2019 17:45:49,2960.5,8.51,274.69,11.1,718.6,100
02-07-2019 17:45:50,2967.2,8.45,275.2,11.1,718.1,99.8
02-07-2019 17:45:51,2973.9,8.39,275.46,11.1,717.5,99.6
02-07-2019 17:45:52,2980.5,8.36,275.3,11.1,716.9,100
02-07-2019 17:45:53,2987.2,8.43,274.95,11,716.4,99.5
02-07-2019 17:45:54,2993.9,8.51,274.48,11,715.8,100
02-07-2019 17:45:55,3000.5,8.6,274.01,10.9,715.2,99.5
02-07-2019 17:45:56,3007.1,8.67,273.84,10.9,714.7,99.3
02-07-2019 17:45:57,3013.8,8.67,274.09,NaN,714.1,NaN
02-07-2019 17:45:59,3020.4,8.59,274.78,10.8,713.5,98.7
02-07-2019 17:46:00,3027,8.51,275.41,10.8,712.9,NaN
02-07-2019 17:46:01,3033.6,8.44,275.76,NaN,712.4,NaN
02-07-2019 17:46:03,3040.1,8.46,275.27,10.6,711.8,98.9
02-07-2019 17:46:04,3046.6,8.46,274.73,10.6,711.3,99
02-07-2019 17:46:05,3053,8.45,274.63,10.6,710.7,98.6
02-07-2019 17:46:06,3059.5,8.44,275.09,10.6,710.2,99
02-07-2019 17:46:07,3066,8.47,275.9,10.5,709.7,98.5
02-07-2019 17:46:08,3072.5,8.52,276.83,10.5,709.1,98.5
02-07-2019 17:46:09,3079,8.57,277.41,10.5,708.6,98.6
02-07-2019 17:46:10,3085.5,8.59,277.83,10.5,708,98.7
02-07-2019 17:46:11,3092.1,8.66,277.64,10.4,707.4,98.8
02-07-2019 17:46:12,3098.7,8.74,277.65,10.4,706.9,99
02-07-2019 17:46:13,3105.3,8.8,277.93,10.4,706.3,99
02-07-2019 17:46:14,3111.8,8.77,278.3,10.4,705.8,98.9
02-07-2019 17:46:15,3118.3,8.73,278.96,10.4,705.2,99.1
02-07-2019 17:46:16,3124.8,8.7,279.71,10.3,704.7,99.5
02-07-2019 17:46:17,3131.2,8.65,280.26,10.3,704.1,99.7
02-07-2019 17:46:18,3137.6,8.57,280.14,NaN,703.6,NaN
02-07-2019 17:46:20,3143.9,8.48,280.06,10.2,703,100
02-07-2019 17:46:21,3150.2,8.45,280.14,10.1,702.5,100
02-07-2019 17:46:22,3156.6,8.49,280.33,10.1,702,100
02-07-2019 17:46:23,3162.9,8.59,280.59,10.1,701.4,100
02-07-2019 17:46:24,3169.1,8.7,280.86,10,700.9,100
02-07-2019 17:46:25,3175.3,8.8,280.88,10,700.4,100
02-07-2019 17:46:26,3181.5,8.82,281.1,9.9,699.9,100
02-07-2019 17:46:27,3187.7,8.78,281.65,9.9,699.4,100
02-07-2019 17:46:28,3193.9,8.69,282.25,9.9,698.8,100
02-07-2019 17:46:29,3200,8.62,282.6,9.8,698.3,100
02-07-2019 17:46:30,3206.1,8.58,282.6,9.8,697.8,100
02-07-2019 17:46:31,3212.2,8.54,282.61,9.8,697.3,100
02-07-2019 17:46:32,3218.2,8.65,282.65,9.7,696.8,100
02-07-2019 17:46:33,3224.2,8.7,282.97,9.7,696.3,100
02-07-2019 17:46:34,3230.1,8.69,283.55,9.7,695.8,100
02-07-2019 17:46:35,3236,8.65,284.28,9.7,695.3,100
02-07-2019 17:46:36,3241.9,8.56,284.35,9.7,694.8,100
02-07-2019 17:46:37,3247.8,8.52,283.67,9.7,694.3,100
02-07-2019 17:46:38,3253.6,8.57,283.1,9.7,693.8,100
02-07-2019 17:46:39,3259.5,8.68,283.02,9.6,693.4,100
02-07-2019 17:46:40,3265.3,8.8,283.44,9.5,692.9,100
02-07-2019 17:46:41,3271.1,8.87,284.22,NaN,692.4,NaN
02-07-2019 17:46:43,3276.9,8.88,285.1,9.4,691.9,100
02-07-2019 17:46:44,3282.6,8.82,285.85,9.4,691.4,100
02-07-2019 17:46:45,3288.4,8.74,286.22,9.4,690.9,100
02-07-2019 17:46:46,3294.1,8.69,286.35,9.4,690.4,100
02-07-2019 17:46:47,3300,8.7,285.64,9.3,690,100
02-07-2019 17:46:48,3305.8,8.8,285.26,9.3,689.5,100
02-07-2019 17:46:49,3311.6,8.91,285.3,9.2,689,100
02-07-2019 17:46:50,3317.4,8.97,285.7,9.2,688.5,100
02-07-2019 17:46:51,3323.2,8.97,286.04,9.2,688,100
02-07-2019 17:46:52,3329,8.91,286.33,9.1,687.5,100
02-07-2019 17:46:53,3334.8,8.86,286.08,9.1,687.1,100
02-07-2019 17:46:54,3340.6,8.88,285.57,9.1,686.6,100
02-07-2019 17:46:55,3346.4,8.95,285.3,9,686.1,100
02-07-2019 17:46:56,3352.2,9.04,285.06,9.2,685.6,100
02-07-2019 17:46:57,3358.1,9.14,285.08,9.2,685.1,100
02-07-2019 17:46:58,3363.9,9.22,285.31,9,684.6,100
02-07-2019 17:46:59,3369.8,9.27,285.65,9.1,684.2,100
02-07-2019 17:47:00,3375.7,9.26,285.9,8.9,683.7,100
02-07-2019 17:47:01,3381.6,9.26,285.85,8.8,683.2,100
02-07-2019 17:47:02,3387.5,9.26,285.76,NaN,682.7,NaN
02-07-2019 17:47:04,3393.4,9.27,285.68,8.8,682.2,100
02-07-2019 17:47:05,3399.3,9.29,285.76,8.7,681.8,100
02-07-2019 17:47:06,3405.1,9.28,285.82,8.7,681.3,100
02-07-2019 17:47:07,3411,9.26,286.18,8.7,680.8,100
02-07-2019 17:47:08,3417,9.26,286.15,8.8,680.3,100
02-07-2019 17:47:09,3422.9,9.24,286.28,8.7,679.8,100
02-07-2019 17:47:10,3428.9,9.22,286.52,8.7,679.3,100
02-07-2019 17:47:11,3434.9,9.19,286.6,8.7,678.8,100
02-07-2019 17:47:12,3440.8,9.18,286.22,8.7,678.4,100
02-07-2019 17:47:13,3446.8,9.21,285.73,8.6,677.9,100
02-07-2019 17:47:14,3452.6,9.21,285.17,8.4,677.4,100
02-07-2019 17:47:15,3458.5,9.15,285.56,8.5,676.9,100
02-07-2019 17:47:16,3464.3,9.08,285.98,8.4,676.4,100
02-07-2019 17:47:17,3470.1,9.03,286.05,NaN,676,NaN
02-07-2019 17:47:19,3475.9,9.03,285.65,8.3,675.5,100
02-07-2019 17:47:20,3481.7,9.03,285.08,8.3,675,100
02-07-2019 17:47:21,3487.6,9,284.51,8.3,674.5,100
02-07-2019 17:47:22,3493.4,9.01,284.35,8.4,674.1,100
02-07-2019 17:47:23,3499.2,9.06,284.66,8.3,673.6,100
02-07-2019 17:47:24,3505,9.12,284.92,NaN,673.1,NaN
02-07-2019 17:47:26,3510.8,9.17,285.13,8.2,672.6,100
02-07-2019 17:47:27,3516.7,9.18,285.17,8.3,672.2,100
02-07-2019 17:47:28,3522.6,9.14,285.04,8.2,671.7,100
02-07-2019 17:47:29,3528.6,9.04,285.24,8.3,671.2,100
02-07-2019 17:47:30,3534.6,8.93,285.56,NaN,670.7,NaN
02-07-2019 17:47:31,3540.6,8.89,285.53,NaN,670.2,NaN
02-07-2019 17:47:32,3546.7,8.95,285.17,8.2,669.7,100
02-07-2019 17:47:34,3552.7,9.06,284.75,8.1,669.2,100
02-07-2019 17:47:35,3558.8,9.12,284.72,8.2,668.7,100
02-07-2019 17:47:36,3564.8,9.08,284.88,8.1,668.3,100
02-07-2019 17:47:37,3570.8,9.04,285.39,8.1,667.8,100
02-07-2019 17:47:38,3576.8,9,285.33,8,667.3,100
02-07-2019 17:47:39,3582.8,9.02,284.97,7.9,666.8,100
02-07-2019 17:47:40,3588.8,9.06,284.26,NaN,666.3,NaN
02-07-2019 17:47:42,3594.8,9.1,283.8,7.8,665.8,100
02-07-2019 17:47:43,3600.8,9.16,283.64,7.8,665.3,100
02-07-2019 17:47:44,3606.8,9.1,283.64,7.7,664.8,100
02-07-2019 17:47:45,3612.8,9.06,283.59,7.6,664.4,100
02-07-2019 17:47:46,3618.7,9.02,283.51,7.6,663.9,100
02-07-2019 17:47:47,3624.7,8.96,283.55,7.6,663.4,100
02-07-2019 17:47:48,3630.6,8.85,283.59,7.6,662.9,100
02-07-2019 17:47:49,3636.6,8.77,283.15,7.6,662.4,100
02-07-2019 17:47:50,3642.5,8.73,282.19,7.6,662,100
02-07-2019 17:47:51,3648.4,8.78,281.27,7.5,661.5,100
02-07-2019 17:47:52,3654.2,8.84,280.61,7.4,661,100
02-07-2019 17:47:53,3659.9,8.86,281.09,7.4,660.6,100
02-07-2019 17:47:54,3665.6,8.81,281.59,7.3,660.1,100
02-07-2019 17:47:55,3671.3,8.74,281.67,7.4,659.7,100
02-07-2019 17:47:56,3676.9,8.66,281.34,7.4,659.2,100
02-07-2019 17:47:57,3682.5,8.59,281.19,7.4,658.8,100
02-07-2019 17:47:58,3688.1,8.56,281,7.4,658.3,100
02-07-2019 17:47:59,3693.6,8.59,280.93,7.3,657.9,100
02-07-2019 17:48:00,3699,8.6,280.95,7.3,657.4,100
02-07-2019 17:48:02,3704.5,8.58,280.8,6.8,657,100
02-07-2019 17:48:03,3710,8.53,280.78,6.9,656.6,100
02-07-2019 17:48:04,3715.4,8.44,280.73,7,656.1,100
02-07-2019 17:48:05,3720.8,8.38,280.9,7.1,655.7,100
02-07-2019 17:48:06,3726.2,8.37,281.25,7,655.3,100
02-07-2019 17:48:07,3731.5,8.38,281.56,7,654.9,100
02-07-2019 17:48:08,3736.8,8.35,281.76,6.9,654.4,100
02-07-2019 17:48:09,3742.1,8.31,281.64,6.9,654,100
02-07-2019 17:48:10,3747.5,8.29,281.33,6.9,653.6,100
02-07-2019 17:48:11,3752.8,8.37,281.17,6.9,653.2,100
02-07-2019 17:48:12,3758.2,8.49,281.46,6.9,652.8,100
02-07-2019 17:48:13,3763.5,8.65,281.79,6.3,652.3,100
02-07-2019 17:48:14,3768.7,8.73,282.38,NaN,651.9,NaN
02-07-2019 17:48:16,3773.9,8.74,282.59,6.1,651.5,99.4
02-07-2019 17:48:17,3779.2,8.69,282.23,6.1,651.1,99.5
02-07-2019 17:48:18,3784.4,8.68,282.04,6.1,650.7,100
02-07-2019 17:48:19,3789.6,8.7,282.25,6.1,650.3,100
02-07-2019 17:48:20,3794.8,8.74,282.9,6.1,649.8,100
02-07-2019 17:48:21,3800,8.79,283.49,6.1,649.4,100
02-07-2019 17:48:22,3805.2,8.86,283.77,6,649,99.9
02-07-2019 17:48:23,3810.5,8.88,283.28,6,648.6,100
02-07-2019 17:48:24,3815.8,8.88,282.57,6,648.2,100
02-07-2019 17:48:25,3821.1,8.88,282.46,6,647.8,100
02-07-2019 17:48:26,3826.4,8.96,282.82,6,647.3,100
02-07-2019 17:48:27,3831.7,9.05,283.06,5.9,646.9,100
02-07-2019 17:48:28,3837,9.08,283.06,5.9,646.5,100
02-07-2019 17:48:29,3842.3,9.08,282.65,NaN,646.1,NaN
02-07-2019 17:48:31,3847.7,9.01,282.23,6.1,645.7,100
02-07-2019 17:48:32,3853,8.97,281.86,6.1,645.3,100
02-07-2019 17:48:33,3858.3,8.98,281.56,6,644.9,100
02-07-2019 17:48:34,3863.6,9.01,281.65,6,644.4,100
02-07-2019 17:48:35,3868.7,9.08,281.26,5.9,644,100
02-07-2019 17:48:36,3873.9,9.14,280.46,5.9,643.6,100
02-07-2019 17:48:37,3879,9.1,279.74,5.9,643.2,100
02-07-2019 17:48:38,3884.2,9.01,279.61,5.9,642.8,100
02-07-2019 17:48:39,3889.3,8.94,279.78,5.9,642.4,100
02-07-2019 17:48:40,3894.5,8.97,279.89,5.9,642,100
02-07-2019 17:48:41,3899.6,9.06,279.64,5.8,641.6,100
02-07-2019 17:48:42,3904.8,9.14,279.07,5.8,641.2,100
02-07-2019 17:48:43,3909.9,9.14,278.54,5.8,640.8,100
02-07-2019 17:48:44,3915.1,9.05,278.55,5.7,640.4,100
02-07-2019 17:48:45,3920.2,8.95,278.54,5.7,640,100
02-07-2019 17:48:46,3925.4,8.9,278.09,5.7,639.6,100
02-07-2019 17:48:47,3930.5,8.91,277.56,5.6,639.2,100
02-07-2019 17:48:48,3935.6,9.03,277.42,5.6,638.8,100
02-07-2019 17:48:49,3940.7,9.09,277.5,5.6,638.4,100
02-07-2019 17:48:50,3945.8,9.04,277.48,5.5,638,100
02-07-2019 17:48:51,3950.9,9.01,276.76,5.4,637.6,100
02-07-2019 17:48:52,3956,9.04,275.64,5.4,637.3,100
02-07-2019 17:48:53,3961.1,9.06,274.93,NaN,636.9,NaN
02-07-2019 17:48:55,3966.2,9.05,274.62,5.3,636.5,100
02-07-2019 17:48:56,3971.3,8.97,274.52,5.3,636.1,100
02-07-2019 17:48:57,3976.4,8.93,274.36,5.3,635.7,100
02-07-2019 17:48:58,3981.5,8.96,273.82,5.3,635.3,100
02-07-2019 17:48:59,3986.7,9.03,272.8,5.3,634.9,100
02-07-2019 17:49:00,3991.9,9.06,272.06,5.3,634.5,100
02-07-2019 17:49:01,3997.1,9.07,271.63,5.3,634.1,100
02-07-2019 17:49:02,4002.4,9.08,271.38,5.3,633.7,100
02-07-2019 17:49:03,4007.6,9.09,271.32,5.2,633.3,100
02-07-2019 17:49:04,4013,9.05,271.26,5.2,632.8,100
02-07-2019 17:49:05,4018.4,9.05,271.26,5,632.4,100
02-07-2019 17:49:06,4023.8,9.09,271.18,5,632,100
02-07-2019 17:49:07,4029.3,9.08,270.79,5.1,631.6,100
02-07-2019 17:49:08,4034.8,9.12,270.54,5.1,631.2,100
02-07-2019 17:49:09,4040.3,9.17,270.18,5.1,630.7,100
02-07-2019 17:49:10,4045.8,9.23,269.68,5.1,630.3,100
02-07-2019 17:49:11,4051.3,9.23,269.18,5.1,629.9,100
02-07-2019 17:49:12,4056.9,9.19,268.68,4.9,629.5,100
02-07-2019 17:49:13,4062.3,9.13,268.55,5,629,100
02-07-2019 17:49:14,4067.8,9.13,268.68,5,628.6,100
02-07-2019 17:49:15,4073.3,9.15,268.81,4.9,628.2,100
02-07-2019 17:49:16,4078.7,9.18,268.53,4.9,627.8,100
02-07-2019 17:49:17,4084.2,9.19,267.85,4.8,627.3,100
02-07-2019 17:49:18,4089.6,9.2,267.1,4.6,626.9,100
02-07-2019 17:49:19,4095.1,9.22,266.44,4.6,626.5,100
02-07-2019 17:49:20,4100.5,9.26,266.29,4.6,626.1,100
02-07-2019 17:49:21,4106,9.31,266.18,4.6,625.7,100
02-07-2019 17:49:22,4111.5,9.38,265.96,4.6,625.2,100
02-07-2019 17:49:23,4117.1,9.46,265.28,4.6,624.8,100
02-07-2019 17:49:24,4122.7,9.56,264.51,4.6,624.4,100
02-07-2019 17:49:25,4128.2,9.71,263.7,4.5,624,100
02-07-2019 17:49:26,4133.8,9.82,263.67,4.5,623.6,100
02-07-2019 17:49:27,4139.3,9.82,263.83,4.4,623.1,100
02-07-2019 17:49:28,4145,9.81,263.69,4.3,622.7,100
02-07-2019 17:49:29,4150.6,9.82,263.15,4.5,622.3,100
02-07-2019 17:49:30,4156.4,9.91,262.81,4.3,621.8,NaN
02-07-2019 17:49:31,4162.1,10.11,262.51,4.4,621.4,100
02-07-2019 17:49:32,4167.8,10.29,262.29,4.4,621,100
02-07-2019 17:49:33,4173.7,10.5,262.28,4.4,620.5,100
02-07-2019 17:49:34,4179.6,10.65,262.26,NaN,620.1,NaN
02-07-2019 17:49:36,4185.6,10.63,262.37,4.2,619.6,100
02-07-2019 17:49:37,4191.6,10.69,262.36,NaN,619.2,NaN
02-07-2019 17:49:39,4197.7,10.85,262.59,4.3,618.7,100
02-07-2019 17:49:40,4203.8,11.01,262.95,4.3,618.2,100
02-07-2019 17:49:41,4210,11.23,263.35,4.1,617.8,100
02-07-2019 17:49:42,4216.3,11.37,263.49,4,617.3,100
02-07-2019 17:49:43,4222.7,11.5,263.63,4,616.8,100
02-07-2019 17:49:44,4229.1,11.57,263.84,4,616.3,100
02-07-2019 17:49:45,4235.5,11.61,264.39,3.9,615.8,100
02-07-2019 17:49:46,4241.9,11.63,264.95,3.9,615.3,100
02-07-2019 17:49:47,4248.3,11.66,265.16,4,614.9,100
02-07-2019 17:49:48,4254.7,11.76,265,4,614.4,100
02-07-2019 17:49:49,4261.1,11.91,265.01,4,613.9,100
02-07-2019 17:49:50,4267.5,12.09,265.29,3.9,613.4,100
02-07-2019 17:49:51,4274,12.17,265.65,4,612.9,100
02-07-2019 17:49:52,4280.4,12.2,266.1,4,612.4,100
02-07-2019 17:49:53,4286.9,12.27,266.58,4,611.9,100
02-07-2019 17:49:54,4293.4,12.43,267.05,3.9,611.4,100
02-07-2019 17:49:55,4299.9,12.56,267.68,3.9,611,100
02-07-2019 17:49:56,4306.6,12.65,268.37,3.9,610.5,100
02-07-2019 17:49:57,4313.2,12.75,268.91,3.9,610,100
02-07-2019 17:49:58,4319.9,12.92,269.48,3.8,609.5,100
02-07-2019 17:49:59,4326.6,13.12,269.68,4,609,100
02-07-2019 17:50:00,4333.2,13.29,269.52,4,608.5,100
02-07-2019 17:50:01,4339.9,13.36,269.32,4.1,607.9,100
02-07-2019 17:50:02,4346.5,13.36,269.43,3.9,607.5,100
02-07-2019 17:50:03,4353.1,13.38,269.73,3.8,607,100
02-07-2019 17:50:04,4359.6,13.49,270.14,3.8,606.5,100
02-07-2019 17:50:05,4366.1,13.64,270.45,NaN,606,NaN
02-07-2019 17:50:06,4372.6,13.79,270.65,NaN,605.5,NaN
02-07-2019 17:50:08,4379.1,13.97,270.66,3.8,605,100
02-07-2019 17:50:09,4385.5,14.02,270.57,3.7,604.6,100
02-07-2019 17:50:10,4391.9,14.02,270.62,3.6,604.1,100
02-07-2019 17:50:11,4398.2,14.1,270.94,3.6,603.6,100
02-07-2019 17:50:12,4404.5,14.19,271.15,NaN,603.2,NaN
02-07-2019 17:50:14,4410.8,14.31,271.19,3.6,602.7,100
02-07-2019 17:50:15,4417.1,14.42,271.08,3.5,602.2,100
02-07-2019 17:50:16,4423.4,14.53,271.16,3.4,601.8,100
02-07-2019 17:50:17,4429.7,14.63,271.46,3.4,601.3,100
02-07-2019 17:50:18,4436,14.72,271.49,3.3,600.9,100
02-07-2019 17:50:19,4442.3,14.73,271.37,2.9,600.4,100
02-07-2019 17:50:20,4448.7,14.73,271.07,2.9,599.9,100
02-07-2019 17:50:21,4455,14.78,270.89,2.9,599.5,100
02-07-2019 17:50:22,4461.3,14.85,270.86,2.8,599,100
02-07-2019 17:50:23,4467.6,14.91,271.17,2.8,598.5,100
02-07-2019 17:50:24,4474,15.01,271.51,2.9,598.1,100
02-07-2019 17:50:25,4480.4,15.03,271.72,2.9,597.6,100
02-07-2019 17:50:26,4486.7,15.1,271.63,NaN,597.1,NaN
02-07-2019 17:50:27,4493.1,15.18,271.52,0.7,596.6,82.5
02-07-2019 17:50:28,4499.4,15.24,271.44,NaN,596.2,NaN
02-07-2019 17:50:31,4505.7,15.28,271.68,0.2,595.7,81.5
02-07-2019 17:50:32,4512,15.29,271.97,0.1,595.2,84.6
02-07-2019 17:50:33,4518.4,15.36,272.07,0.1,594.7,88.5
02-07-2019 17:50:34,4524.7,15.47,272.08,0.1,594.3,84
02-07-2019 17:50:35,4531,15.52,272.22,0,593.8,88.7
02-07-2019 17:50:36,4537.2,15.47,272.4,0.3,593.3,87.2
02-07-2019 17:50:37,4543.4,15.42,272.57,0.4,592.9,87.2
02-07-2019 17:50:38,4549.5,15.37,272.71,0.4,592.4,90.3
02-07-2019 17:50:39,4555.7,15.34,272.73,0.7,592,92.2
02-07-2019 17:50:40,4561.7,15.29,272.74,0.8,591.5,93.2
02-07-2019 17:50:41,4567.6,15.23,272.9,0.8,591.1,92.9
02-07-2019 17:50:42,4573.5,15.26,272.99,0.8,590.7,91.5
02-07-2019 17:50:43,4579.3,15.2,273.2,0.7,590.2,92.3
02-07-2019 17:50:44,4585.1,15.03,273.48,0.7,589.8,92.4
02-07-2019 17:50:45,4590.8,14.91,273.65,0.7,589.4,91.7
02-07-2019 17:50:46,4596.5,14.81,273.59,0.7,589,92.4
02-07-2019 17:50:47,4602,14.85,273.33,0.6,588.6,92.2
02-07-2019 17:50:48,4607.5,14.84,273.06,0.6,588.2,92.1
02-07-2019 17:50:49,4612.9,14.78,272.75,0.6,587.8,94
02-07-2019 17:50:50,4618.4,14.65,272.37,0.5,587.4,94.9
02-07-2019 17:50:51,4623.8,14.62,272.06,0.5,587,93.1
02-07-2019 17:50:52,4629.2,14.65,272,0.4,586.6,93.4
02-07-2019 17:50:53,4634.6,14.71,272.06,0.5,586.2,92.8
02-07-2019 17:50:54,4640,14.72,272.03,0.7,585.8,95.2
02-07-2019 17:50:55,4645.4,14.61,271.92,0.8,585.4,97.4
02-07-2019 17:50:56,4650.7,14.52,271.86,NaN,585,NaN
02-07-2019 17:50:58,4656.1,14.46,271.8,0.8,584.6,95.5
02-07-2019 17:50:59,4661.5,14.4,271.75,0.8,584.2,94.9
02-07-2019 17:51:00,4666.8,14.38,271.72,0.6,583.9,94.3
02-07-2019 17:51:01,4672.1,14.36,271.6,0.7,583.5,94.4
02-07-2019 17:51:02,4677.5,14.35,271.57,0.5,583.1,97.4
02-07-2019 17:51:03,4682.8,14.34,271.46,NaN,582.7,NaN
02-07-2019 17:51:05,4688.2,14.31,271.43,0.3,582.3,92.7
02-07-2019 17:51:06,4693.6,14.26,271.83,0.3,581.9,91
02-07-2019 17:51:07,4699,14.17,272.41,0.4,581.5,94.9
02-07-2019 17:51:08,4704.5,14.14,273.03,0.4,581.1,92.2
02-07-2019 17:51:09,4710.2,14.17,273.16,0.3,580.7,91.7
02-07-2019 17:51:10,4715.8,14.25,273.26,0.3,580.3,91.7
02-07-2019 17:51:11,4721.5,14.27,273.29,0.3,579.9,94.9
02-07-2019 17:51:12,4727.2,14.27,273.4,0.3,579.5,92.8
02-07-2019 17:51:13,4733,14.2,273.78,0.4,579.1,100
02-07-2019 17:51:14,4738.7,14.04,274.33,0.5,578.7,96.3
02-07-2019 17:51:15,4744.5,13.97,274.74,0.5,578.2,100
02-07-2019 17:51:16,4750.4,13.97,274.92,0.6,577.8,100
02-07-2019 17:51:17,4756.3,14.01,274.9,0.6,577.4,100
02-07-2019 17:51:18,4762.1,14.04,275.05,0.6,577,100
02-07-2019 17:51:19,4768,14.02,275.33,0.7,576.5,100
02-07-2019 17:51:20,4774,13.97,275.8,0.6,576.1,100
02-07-2019 17:51:21,4780,13.97,276.15,0.6,575.7,100
02-07-2019 17:51:22,4786,14.02,276.34,0.6,575.3,100
02-07-2019 17:51:23,4792,14.09,276.72,0.5,574.9,100
02-07-2019 17:51:24,4798,14.15,277.08,0.5,574.4,100
02-07-2019 17:51:25,4803.9,14.12,277.43,0.5,574,100
02-07-2019 17:51:26,4809.9,14.06,277.74,0.4,573.6,100
02-07-2019 17:51:27,4815.9,13.98,278.09,0.3,573.2,100
02-07-2019 17:51:28,4821.9,13.99,278.35,0.2,572.8,100
02-07-2019 17:51:29,4827.9,13.97,278.77,0.2,572.3,100
02-07-2019 17:51:30,4833.8,13.99,279.14,0.1,571.9,100
02-07-2019 17:51:31,4839.7,13.96,279.32,0.1,571.5,100
02-07-2019 17:51:32,4845.7,13.9,279.31,0,571.1,100
02-07-2019 17:51:33,4851.6,13.91,279.55,NaN,570.7,NaN
02-07-2019 17:51:35,4857.6,13.93,279.88,-0.2,570.2,97.1
02-07-2019 17:51:36,4863.5,13.93,280.3,-0.2,569.8,96.8
02-07-2019 17:51:37,4869.4,13.89,280.92,-0.3,569.4,97
02-07-2019 17:51:38,4875.4,13.89,281.4,-0.3,569,97.1
02-07-2019 17:51:39,4881.3,13.99,281.54,NaN,568.6,NaN
02-07-2019 17:51:41,4887.3,14.13,281.43,-0.1,568.1,97.1
02-07-2019 17:51:42,4893.3,14.18,281.28,-0.1,567.7,97.1
02-07-2019 17:51:43,4899.3,14.14,281.23,0.1,567.3,100
02-07-2019 17:51:44,4905.3,14.12,281.37,0.1,566.9,100
02-07-2019 17:51:45,4911.4,14.14,281.82,0,566.4,100
02-07-2019 17:51:46,4917.6,14.2,282.15,-0.1,566,97.1
02-07-2019 17:51:47,4923.7,14.28,282.29,-0.1,565.6,97.1
02-07-2019 17:51:48,4929.8,14.35,282.27,NaN,565.1,NaN
02-07-2019 17:51:50,4936,14.42,282.19,0,564.7,100
02-07-2019 17:51:51,4942.2,14.42,282.27,0,564.3,100
02-07-2019 17:51:52,4948.4,14.43,282.41,NaN,563.8,NaN
02-07-2019 17:51:53,4954.6,14.45,282.67,0,563.4,100
02-07-2019 17:51:54,4960.8,14.54,282.99,NaN,563,NaN
02-07-2019 17:51:57,4967,14.64,283.42,-0.1,562.6,97.1
02-07-2019 17:51:58,4973.2,14.76,283.97,-0.1,562.1,97.1
02-07-2019 17:51:59,4979.5,14.81,284.38,-0.1,561.7,NaN
02-07-2019 17:52:00,4985.7,14.79,284.57,-0.2,561.2,97.1
02-07-2019 17:52:01,4992,14.72,284.65,-0.2,560.8,97.1
02-07-2019 17:52:02,4998.3,14.73,284.86,-0.2,560.4,97.1
02-07-2019 17:52:03,5004.6,14.85,285.13,-0.2,559.9,97.1
02-07-2019 17:52:04,5011,14.99,285.4,-0.3,559.5,97.1
02-07-2019 17:52:05,5017.3,15.08,285.66,-0.3,559,97.1
02-07-2019 17:52:06,5023.7,15.14,285.66,-0.4,558.6,97.1
02-07-2019 17:52:07,5030.1,15.16,285.54,-0.4,558.1,97.1
02-07-2019 17:52:08,5036.5,15.21,285.45,-0.4,557.7,97.1
02-07-2019 17:52:09,5042.9,15.28,285.37,-0.4,557.3,97.1
02-07-2019 17:52:10,5049.3,15.38,285.57,-0.5,556.8,97.1
02-07-2019 17:52:11,5055.6,15.41,285.87,-0.5,556.4,97.1
02-07-2019 17:52:12,5061.9,15.4,285.96,-0.5,555.9,97.1
02-07-2019 17:52:13,5068.2,15.4,286.02,-0.5,555.5,97.1
02-07-2019 17:52:14,5074.5,15.41,286.08,-0.6,555,97
02-07-2019 17:52:15,5080.9,15.48,286.58,-0.7,554.6,97
02-07-2019 17:52:16,5087.2,15.49,287.01,-0.8,554.2,97
02-07-2019 17:52:17,5093.5,15.46,287.23,NaN,553.7,NaN
02-07-2019 17:52:19,5100,15.42,287.36,-1,553.3,97
02-07-2019 17:52:20,5106.5,15.47,286.99,-1,552.8,97
02-07-2019 17:52:21,5113,15.61,286.59,-0.9,552.4,97
02-07-2019 17:52:22,5119.5,15.77,286.39,-0.9,551.9,97
02-07-2019 17:52:23,5126.1,15.88,286.39,-0.9,551.5,97
02-07-2019 17:52:24,5132.6,15.92,286.53,-0.9,551,97
02-07-2019 17:52:25,5139.2,15.88,286.49,-1,550.5,97
02-07-2019 17:52:26,5145.7,15.87,286.32,-0.9,550.1,97
02-07-2019 17:52:27,5152.3,15.89,286.15,-1,549.6,97
02-07-2019 17:52:28,5158.9,15.94,286.08,-1.1,549.2,97
02-07-2019 17:52:29,5165.4,15.97,286.21,-1.1,548.7,97
02-07-2019 17:52:30,5172,15.99,286.03,-1.3,548.3,96.9
02-07-2019 17:52:31,5178.7,16.08,285.85,-1.2,547.8,96.9
02-07-2019 17:52:32,5185.5,16.14,285.29,-1.3,547.3,96.9
02-07-2019 17:52:33,5192.3,16.18,284.84,-1.4,546.9,96.9
02-07-2019 17:52:34,5199.2,16.25,284.77,-1.6,546.4,96.9
02-07-2019 17:52:35,5206.1,16.3,284.72,-1.8,545.9,96.8
02-07-2019 17:52:36,5213.1,16.37,284.44,-1.8,545.5,96.8
02-07-2019 17:52:37,5220,16.5,284.02,-1.7,545,96.9
02-07-2019 17:52:38,5226.9,16.61,283.7,NaN,544.5,NaN
02-07-2019 17:52:40,5233.9,16.65,283.55,-1.8,544.1,96.8
02-07-2019 17:52:41,5240.8,16.57,283.38,-1.8,543.6,96.8
02-07-2019 17:52:42,5247.7,16.51,283.01,-1.9,543.1,96.8
02-07-2019 17:52:43,5254.6,16.49,282.54,-1.9,542.7,96.8
02-07-2019 17:52:44,5261.6,16.5,281.98,-1.9,542.2,NaN
02-07-2019 17:52:45,5268.5,16.5,281.54,-2,541.7,96.8
02-07-2019 17:52:46,5275.5,16.43,281.11,NaN,541.2,NaN
02-07-2019 17:52:48,5282.4,16.37,280.84,-2,540.8,96.8
02-07-2019 17:52:49,5289.4,16.34,280.68,-2.1,540.3,96.8
02-07-2019 17:52:50,5296.4,16.34,280.6,-2.1,539.8,96.8
02-07-2019 17:52:51,5303.4,16.39,280.47,NaN,539.3,NaN
02-07-2019 17:52:53,5310.3,16.47,280.07,-2.2,538.9,96.8
02-07-2019 17:52:54,5317.2,16.56,279.65,-2.2,538.4,96.8
02-07-2019 17:52:55,5324.1,16.6,279.16,-2.2,537.9,96.8
02-07-2019 17:52:56,5331,16.65,278.68,-2.3,537.5,96.8
02-07-2019 17:52:57,5337.9,16.71,278.28,-2.2,537,96.8
02-07-2019 17:52:58,5344.8,16.79,278.03,-2.2,536.6,96.8
02-07-2019 17:52:59,5351.7,16.88,277.97,-2.2,536.1,96.8
02-07-2019 17:53:00,5358.6,16.9,277.94,-2.2,535.6,96.8
02-07-2019 17:53:01,5365.5,16.84,277.76,-2.3,535.2,96.8
02-07-2019 17:53:02,5372.4,16.81,277.17,-2.2,534.7,96.8
02-07-2019 17:53:03,5379.3,16.87,276.41,-2.5,534.3,96.7
02-07-2019 17:53:04,5386.3,16.96,275.88,NaN,533.8,NaN
02-07-2019 17:53:06,5393.2,17.05,275.65,-2.5,533.3,96.7
02-07-2019 17:53:07,5400.1,17.08,275.59,NaN,532.9,NaN
02-07-2019 17:53:09,5407,17.05,275.37,-2.7,532.4,93.7
02-07-2019 17:53:10,5413.8,16.99,274.95,-3.7,531.9,59.6
02-07-2019 17:53:11,5420.7,17,274.42,-4.2,531.5,68.9
02-07-2019 17:53:12,5427.6,17.08,273.81,-4.6,531,56.9
02-07-2019 17:53:13,5434.4,17.15,273.48,-5,530.6,57.5
02-07-2019 17:53:14,5441.2,17.17,273.34,-5.2,530.1,60.5
02-07-2019 17:53:15,5448,17.16,273.22,-5.3,529.7,64.1
02-07-2019 17:53:16,5454.8,17.12,272.96,-5.5,529.2,51.9
02-07-2019 17:53:17,5461.6,17.07,272.47,-5.6,528.8,50.4
02-07-2019 17:53:18,5468.4,17.1,271.79,-5.7,528.3,48.6
02-07-2019 17:53:19,5475.2,17.14,271.24,-5.8,527.8,48.5
02-07-2019 17:53:20,5482.1,17.2,270.89,-5.8,527.4,46.5
02-07-2019 17:53:21,5488.8,17.23,270.48,-5.9,526.9,45
02-07-2019 17:53:22,5495.5,17.18,269.89,-5.9,526.5,45
02-07-2019 17:53:23,5502.2,17.2,269.13,-6.1,526,47.2
02-07-2019 17:53:24,5508.9,17.3,268.58,-6.3,525.6,38.8
02-07-2019 17:53:25,5515.6,17.38,268.22,-6.4,525.1,37.5
02-07-2019 17:53:26,5522.1,17.34,268.22,-6.4,524.7,42.7
02-07-2019 17:53:27,5528.6,17.23,268.1,-6.4,524.3,45.4
02-07-2019 17:53:28,5535.1,17.09,267.88,-6.3,523.8,46.7
02-07-2019 17:53:29,5541.7,17.04,267.21,-6.2,523.4,48.1
02-07-2019 17:53:30,5548.2,17.09,266.67,-6.2,523,61.3
02-07-2019 17:53:31,5554.7,17.15,266.42,-6.1,522.5,51.2
02-07-2019 17:53:32,5561.2,17.12,266.32,-6,522.1,51.4
02-07-2019 17:53:33,5567.6,17.02,266.06,-5.9,521.7,52.2
02-07-2019 17:53:34,5574,16.92,265.51,-5.8,521.2,51.2
02-07-2019 17:53:35,5580.4,16.9,264.76,-5.8,520.8,53.9
02-07-2019 17:53:36,5586.8,16.91,264.35,-5.8,520.4,51.5
02-07-2019 17:53:37,5593.1,16.89,264.11,-5.8,520,53.4
02-07-2019 17:53:38,5599.3,16.85,264.39,-5.8,519.6,52.3
02-07-2019 17:53:39,5605.5,16.78,264.6,-5.7,519.1,54.6
02-07-2019 17:53:40,5611.6,16.67,264.26,-5.6,518.7,58.3
02-07-2019 17:53:41,5617.8,16.58,263.75,-5.6,518.3,59.1
02-07-2019 17:53:42,5623.9,16.54,263.33,-5.6,517.9,59
02-07-2019 17:53:43,5630,16.49,263.19,-5.5,517.5,61
02-07-2019 17:53:44,5636.2,16.41,263.34,-5.5,517.1,61.3
02-07-2019 17:53:45,5642.4,16.33,263.55,-5.6,516.7,63.7
02-07-2019 17:53:46,5648.6,16.28,263.65,-5.7,516.3,NaN
02-07-2019 17:53:47,5654.7,16.2,263.61,-5.6,515.9,70.5
02-07-2019 17:53:48,5660.9,16.12,263.45,-5.7,515.5,59.8
02-07-2019 17:53:49,5667.1,16.07,263.29,-5.7,515,56.9
02-07-2019 17:53:50,5673.2,16.05,263.28,-5.7,514.6,68.2
02-07-2019 17:53:51,5679.3,16.01,263.53,-5.8,514.2,57.1
02-07-2019 17:53:52,5685.4,15.93,263.76,-5.8,513.8,67.5
02-07-2019 17:53:53,5691.5,15.84,263.85,-5.9,513.4,57.3
02-07-2019 17:53:54,5697.6,15.77,263.73,-5.9,513.1,57.1
02-07-2019 17:53:55,5703.7,15.69,263.53,-5.9,512.7,56.9
02-07-2019 17:53:56,5709.7,15.6,263.36,-5.9,512.3,56.4
02-07-2019 17:53:57,5715.8,15.51,263.31,-5.9,511.9,59.9
02-07-2019 17:53:58,5721.9,15.4,263.52,NaN,511.5,NaN
02-07-2019 17:54:00,5727.9,15.26,263.77,-5.9,511.1,66.3
02-07-2019 17:54:01,5734,15.13,263.79,-5.8,510.7,69.8
02-07-2019 17:54:02,5740,15.05,263.6,-5.7,510.3,64.6
02-07-2019 17:54:03,5746.1,15,263.38,-5.7,509.9,62.3
02-07-2019 17:54:04,5752.1,15.01,263.17,-5.7,509.5,64.4
02-07-2019 17:54:05,5758.2,15.02,263.2,-5.5,509.1,65.8
02-07-2019 17:54:06,5764.2,14.95,263.48,-5.4,508.8,66.5
02-07-2019 17:54:07,5770.3,14.81,263.65,-5.4,508.4,70.3
02-07-2019 17:54:08,5776.3,14.71,263.49,-5.4,508,68.9
02-07-2019 17:54:09,5782.3,14.7,263.19,-5.3,507.6,68
02-07-2019 17:54:10,5788.3,14.76,263.02,-5.3,507.2,67.6
02-07-2019 17:54:11,5794.3,14.83,263.16,-5.3,506.8,70.8
02-07-2019 17:54:12,5800.3,14.83,263.58,-5.3,506.4,76.6
02-07-2019 17:54:13,5806.3,14.73,263.86,-5.3,506,67.7
02-07-2019 17:54:14,5812.3,14.59,264.07,-5.3,505.7,69.1
02-07-2019 17:54:15,5818.4,14.52,263.67,-5.3,505.3,68.9
02-07-2019 17:54:16,5824.5,14.5,263.41,-5.4,504.9,66.2
02-07-2019 17:54:17,5830.6,14.45,263.47,-5.4,504.5,72.8
02-07-2019 17:54:18,5836.7,14.35,263.64,-5.4,504.1,70.5
02-07-2019 17:54:19,5842.8,14.3,263.91,-5.5,503.7,69.2
02-07-2019 17:54:20,5848.9,14.24,264.18,-5.5,503.3,66.3
02-07-2019 17:54:21,5855.1,14.24,264.27,-5.5,502.9,69
02-07-2019 17:54:22,5861.3,14.24,264.34,-5.6,502.5,66
02-07-2019 17:54:23,5867.5,14.21,264.58,-5.6,502.1,66.8
02-07-2019 17:54:24,5873.7,14.17,264.78,-5.6,501.7,74.6
02-07-2019 17:54:25,5879.9,14.12,264.9,-5.7,501.3,65.3
02-07-2019 17:54:26,5886.1,14.08,264.89,-5.7,500.9,64.9
02-07-2019 17:54:27,5892.2,14.1,264.77,-5.8,500.5,65.9
02-07-2019 17:54:28,5898.4,14.14,264.69,-5.8,500.1,62.9
02-07-2019 17:54:29,5904.6,14.16,264.76,-5.9,499.7,62.9
02-07-2019 17:54:30,5910.7,14.13,264.73,-5.9,499.3,66.6
02-07-2019 17:54:31,5916.8,14.05,264.92,-5.9,499,67.6
02-07-2019 17:54:32,5922.9,13.99,264.83,-5.9,498.6,67.6
02-07-2019 17:54:33,5929,14,264.66,-6,498.2,62.7
02-07-2019 17:54:34,5935,14.07,264.6,-6.1,497.8,62.5
02-07-2019 17:54:35,5941.1,14.13,264.87,-6.1,497.4,70.5
02-07-2019 17:54:36,5947.2,14.1,265.2,-6.3,497.1,60.9
02-07-2019 17:54:37,5953.3,14.02,265.35,-6.3,496.7,66.1
02-07-2019 17:54:38,5959.4,13.95,265.15,-6.3,496.3,62.4
02-07-2019 17:54:39,5965.5,13.97,264.75,-6.3,495.9,68
02-07-2019 17:54:40,5971.6,14.04,264.5,-6.4,495.5,65.8
02-07-2019 17:54:41,5977.7,14.12,264.55,-6.4,495.1,71.8
02-07-2019 17:54:42,5983.8,14.13,264.78,-6.5,494.7,59.3
02-07-2019 17:54:43,5989.9,14.13,264.89,-6.5,494.3,58.4
02-07-2019 17:54:44,5996,14.09,264.82,NaN,494,NaN
02-07-2019 17:54:46,6002.1,14.11,264.42,-6.6,493.6,59.2
02-07-2019 17:54:47,6008.3,14.17,264.01,-6.7,493.2,58.8
02-07-2019 17:54:48,6014.4,14.27,263.83,-6.8,492.8,57.3
02-07-2019 17:54:49,6020.5,14.4,263.81,-6.8,492.4,53.4
02-07-2019 17:54:50,6026.6,14.48,263.92,-6.9,492,57.3
02-07-2019 17:54:51,6032.7,14.5,264.07,NaN,491.6,NaN
02-07-2019 17:54:53,6038.8,14.43,264.07,-7.1,491.3,52.4
02-07-2019 17:54:54,6044.9,14.38,263.91,-7.1,490.9,54.5
02-07-2019 17:54:55,6051,14.34,263.65,-7.1,490.5,58.3
02-07-2019 17:54:56,6057.1,14.33,263.37,-7.2,490.1,54
02-07-2019 17:54:57,6063.3,14.37,263.1,-7.1,489.7,54.2
02-07-2019 17:54:58,6069.4,14.43,263.22,-7.2,489.3,54.3
02-07-2019 17:54:59,6075.5,14.44,263.62,-7.2,488.9,53.5
02-07-2019 17:55:00,6081.6,14.42,263.99,-7.3,488.5,51.6
02-07-2019 17:55:01,6087.6,14.4,264.05,-7.3,488.2,48.4
02-07-2019 17:55:02,6093.7,14.42,263.75,-7.3,487.8,49
02-07-2019 17:55:03,6099.7,14.46,263.47,-7.4,487.4,47.7
02-07-2019 17:55:04,6105.8,14.47,263.43,-7.4,487,48.4
02-07-2019 17:55:05,6111.8,14.43,263.54,-7.5,486.7,49.6
02-07-2019 17:55:06,6117.8,14.36,263.62,-7.5,486.3,47
02-07-2019 17:55:07,6123.8,14.31,263.71,-7.6,485.9,46.6
02-07-2019 17:55:08,6129.8,14.29,263.67,-7.6,485.5,46.4
02-07-2019 17:55:09,6136,14.32,263.41,-7.7,485.2,46.3
02-07-2019 17:55:10,6142.1,14.38,263.37,-7.7,484.8,47.1
02-07-2019 17:55:11,6148.3,14.39,263.7,-7.7,484.4,45.3
02-07-2019 17:55:12,6154.5,14.31,263.99,-7.8,484,44.8
02-07-2019 17:55:13,6160.7,14.18,264.02,-7.9,483.6,45.4
02-07-2019 17:55:14,6166.9,14.1,264,-7.9,483.2,45.7
02-07-2019 17:55:15,6173.1,14.12,263.82,-8,482.8,57.6
02-07-2019 17:55:16,6179.3,14.18,263.55,-8.1,482.5,46.4
02-07-2019 17:55:17,6185.4,14.22,263.22,-8.1,482.1,45.7
02-07-2019 17:55:18,6191.6,14.18,263.45,-8.1,481.7,61.2
02-07-2019 17:55:19,6197.7,14.11,263.59,-8.3,481.3,46.6
02-07-2019 17:55:20,6203.8,14.02,263.48,-8.4,480.9,53.8
02-07-2019 17:55:21,6209.9,13.99,263.48,-8.4,480.5,54.8
02-07-2019 17:55:22,6215.9,13.97,263.53,-8.5,480.2,48.9
02-07-2019 17:55:23,6221.9,13.93,263.56,-8.5,479.8,48.4
02-07-2019 17:55:24,6227.9,13.85,263.57,-8.6,479.4,48.6
02-07-2019 17:55:25,6233.9,13.8,263.35,-8.6,479.1,45.7
02-07-2019 17:55:26,6239.9,13.81,263.28,-8.6,478.7,45.6
02-07-2019 17:55:27,6245.9,13.85,263.36,-8.6,478.3,51.4
02-07-2019 17:55:28,6251.9,13.85,263.49,-8.7,478,56.6
02-07-2019 17:55:29,6257.8,13.76,263.5,-8.7,477.6,51.9
02-07-2019 17:55:30,6263.8,13.64,263.32,-8.7,477.2,48
02-07-2019 17:55:31,6269.7,13.56,263.04,-8.7,476.9,50.5
02-07-2019 17:55:32,6275.7,13.54,262.93,-8.8,476.5,50.9
02-07-2019 17:55:33,6281.6,13.59,263.02,-8.8,476.1,63.1
02-07-2019 17:55:34,6287.5,13.61,263.34,-8.8,475.8,54.1
02-07-2019 17:55:35,6293.5,13.57,263.4,-8.8,475.4,52.1
02-07-2019 17:55:36,6299.5,13.48,263.54,-8.8,475.1,48.1
02-07-2019 17:55:37,6305.5,13.38,263.64,-8.8,474.7,54.5
02-07-2019 17:55:38,6311.4,13.32,263.69,NaN,474.3,NaN
02-07-2019 17:55:40,6317.4,13.32,263.79,-8.8,474,56.9
02-07-2019 17:55:41,6323.3,13.33,264.05,-8.8,473.6,50
02-07-2019 17:55:42,6329.3,13.29,264.29,-8.9,473.2,60.2
02-07-2019 17:55:43,6335.2,13.23,264.52,-8.8,472.9,51.1
02-07-2019 17:55:44,6341.2,13.16,264.48,-8.9,472.5,52.8
02-07-2019 17:55:45,6347.1,13.09,264.23,-8.9,472.2,49.6
02-07-2019 17:55:46,6353.1,13.06,264.23,-8.9,471.8,47
02-07-2019 17:55:47,6359,13.02,264.41,-8.9,471.4,47.9
02-07-2019 17:55:48,6364.9,12.94,264.63,-9,471.1,49.8
02-07-2019 17:55:49,6370.8,12.84,264.78,-9,470.7,49.1
02-07-2019 17:55:50,6376.7,12.79,264.87,-9.1,470.4,48.8
02-07-2019 17:55:51,6382.6,12.73,264.76,-9.2,470,44.4
02-07-2019 17:55:52,6388.6,12.61,264.81,-9.3,469.6,44.1
02-07-2019 17:55:53,6394.6,12.57,264.94,-9.3,469.3,52
02-07-2019 17:55:54,6400.5,12.59,265.19,-9.4,468.9,48.9
02-07-2019 17:55:55,6406.5,12.6,265.5,NaN,468.6,NaN
02-07-2019 17:55:57,6412.4,12.52,265.63,-9.7,468.2,46.6
02-07-2019 17:55:58,6418.4,12.45,265.49,-9.8,467.8,48.3
02-07-2019 17:55:59,6424.3,12.46,265.35,-9.9,467.5,49
02-07-2019 17:56:00,6430.3,12.43,265.49,-9.9,467.1,49.2
02-07-2019 17:56:01,6436.3,12.37,265.55,-10,466.8,42.1
02-07-2019 17:56:02,6442.2,12.34,265.47,-10,466.4,38.3
02-07-2019 17:56:03,6448.2,12.33,265.22,-10.1,466,38.7
02-07-2019 17:56:04,6454.3,12.3,264.93,-10.2,465.7,35.6
02-07-2019 17:56:05,6460.3,12.22,264.83,-10.2,465.3,47.3
02-07-2019 17:56:06,6466.4,12.15,264.81,NaN,464.9,NaN
02-07-2019 17:56:08,6472.5,12.05,264.82,-10.5,464.6,52.5
02-07-2019 17:56:09,6478.7,12.05,264.99,-10.5,464.2,41
02-07-2019 17:56:10,6484.8,12.07,265.19,-10.5,463.8,37
02-07-2019 17:56:11,6491,12.06,265.21,-10.7,463.5,49
02-07-2019 17:56:12,6497.2,12,265.12,-10.7,463.1,40.5
02-07-2019 17:56:13,6503.3,11.89,265.22,-10.7,462.7,35.4
02-07-2019 17:56:14,6509.4,11.79,265.47,-10.7,462.4,41.7
02-07-2019 17:56:15,6515.5,11.74,265.49,-10.8,462,44.6
02-07-2019 17:56:16,6521.6,11.77,265.37,-10.8,461.6,44.4
02-07-2019 17:56:17,6527.7,11.82,265.23,-10.7,461.2,40.8
02-07-2019 17:56:18,6533.8,11.77,264.96,-10.7,460.9,41.7
02-07-2019 17:56:19,6540,11.63,264.64,-10.7,460.5,39.5
02-07-2019 17:56:20,6546.1,11.47,264.72,-10.8,460.1,40.1
02-07-2019 17:56:21,6552.3,11.38,265.09,-10.9,459.8,33.4
02-07-2019 17:56:22,6558.5,11.34,265.11,-10.9,459.4,35
02-07-2019 17:56:23,6564.7,11.34,264.69,NaN,459.1,NaN
02-07-2019 17:56:25,6571,11.32,264.24,-11.1,458.7,36.2
02-07-2019 17:56:26,6577.2,11.27,263.9,-11.1,458.3,30.5
02-07-2019 17:56:27,6583.5,11.2,263.8,-11.2,457.9,34.3
02-07-2019 17:56:28,6589.8,11.17,263.89,-11.3,457.5,31.6
02-07-2019 17:56:29,6596,11.17,263.93,-11.3,457.2,40.3
02-07-2019 17:56:30,6602.3,11.19,263.8,-11.7,456.8,31.3
02-07-2019 17:56:31,6608.5,11.18,263.38,-11.5,456.4,31.4
02-07-2019 17:56:32,6614.7,11.16,262.9,-11.7,456.1,33.5
02-07-2019 17:56:33,6620.9,11.15,262.66,-11.7,455.7,33.5
02-07-2019 17:56:34,6627.1,11.17,262.82,-11.8,455.3,37.9
02-07-2019 17:56:35,6633.3,11.14,263.21,-11.8,454.9,34.1
02-07-2019 17:56:36,6639.5,11.1,263.34,-11.8,454.6,30.4
02-07-2019 17:56:37,6645.7,11.06,263.06,-11.8,454.2,29.8
02-07-2019 17:56:38,6652,11.01,262.56,-11.9,453.8,31.5
02-07-2019 17:56:39,6658.2,10.97,262.27,-12,453.5,35.3
02-07-2019 17:56:40,6664.3,10.92,262.53,-12,453.1,28.5
02-07-2019 17:56:41,6670.4,10.83,262.64,-12,452.7,29
02-07-2019 17:56:42,6676.6,10.8,262.53,-12.1,452.4,29.7
02-07-2019 17:56:43,6682.7,10.8,262.16,-12.1,452,30.2
02-07-2019 17:56:44,6688.8,10.83,261.61,-12.1,451.7,28.3
02-07-2019 17:56:45,6694.8,10.83,261.22,-12.2,451.3,29.3
02-07-2019 17:56:46,6700.9,10.84,261.16,-12.2,450.9,29.1
02-07-2019 17:56:47,6706.9,10.81,261.07,-12.3,450.6,29.4
02-07-2019 17:56:48,6712.9,10.73,261.01,-12.3,450.2,30.1
02-07-2019 17:56:49,6718.9,10.64,261.15,-12.4,449.9,29.8
02-07-2019 17:56:50,6724.8,10.6,261.04,-12.4,449.5,33.9
02-07-2019 17:56:51,6730.8,10.58,260.78,-12.4,449.2,34.1
02-07-2019 17:56:52,6736.7,10.62,260.54,-12.5,448.8,34.8
02-07-2019 17:56:53,6742.7,10.56,260.63,-12.6,448.5,33.9
02-07-2019 17:56:54,6748.6,10.39,260.52,-12.6,448.1,30.4
02-07-2019 17:56:55,6754.5,10.26,260.27,-12.6,447.8,29.4
02-07-2019 17:56:56,6760.3,10.23,259.81,-12.7,447.4,31.1
02-07-2019 17:56:57,6766.1,10.17,259.54,-12.7,447.1,36
02-07-2019 17:56:58,6771.8,10.06,259.31,-12.8,446.8,33
02-07-2019 17:56:59,6777.6,10.03,259.3,-12.8,446.4,30.7
02-07-2019 17:57:00,6783.3,10.09,259.57,-12.8,446.1,35.6
02-07-2019 17:57:01,6789.1,10.14,260.1,-12.9,445.7,33.6
02-07-2019 17:57:02,6794.8,10.11,260.39,-12.9,445.4,42.2
02-07-2019 17:57:03,6800.5,10.11,260.3,-13,445.1,40.6
02-07-2019 17:57:04,6806.2,10.11,260.16,-13.1,444.7,32.4
02-07-2019 17:57:05,6811.9,10.07,260.02,-13.3,444.4,48.6
02-07-2019 17:57:06,6817.5,10,260.17,-13.2,444.1,36.1
02-07-2019 17:57:07,6823.2,9.92,260.59,NaN,443.8,NaN
02-07-2019 17:57:09,6828.9,9.87,260.98,-13.3,443.4,31.7
02-07-2019 17:57:10,6834.6,9.87,261.18,-13.3,443.1,39.9
02-07-2019 17:57:11,6840.3,9.97,261.29,-13.4,442.8,33.1
02-07-2019 17:57:12,6845.9,10.06,260.87,-13.4,442.4,32.4
02-07-2019 17:57:13,6851.5,10.04,260.44,-13.4,442.1,27.6
02-07-2019 17:57:14,6857.1,9.99,260.51,-13.5,441.8,27.7
02-07-2019 17:57:15,6862.7,9.94,260.75,-13.5,441.5,38.7
02-07-2019 17:57:16,6868.2,9.92,261.07,-13.5,441.1,36
02-07-2019 17:57:17,6873.7,9.91,260.81,-13.5,440.8,32.7
02-07-2019 17:57:18,6879.3,9.88,260.49,-13.5,440.5,40.4
02-07-2019 17:57:19,6884.8,9.83,260.16,-13.6,440.2,42.4
02-07-2019 17:57:20,6890.3,9.79,259.88,-13.6,439.9,35.5
02-07-2019 17:57:21,6895.8,9.81,259.89,-13.6,439.5,31.3
02-07-2019 17:57:22,6901.3,9.9,260.18,-13.7,439.2,27
02-07-2019 17:57:23,6906.9,9.98,260.46,-13.8,438.9,31.6
02-07-2019 17:57:24,6912.4,10,260.44,-13.8,438.6,32.5
02-07-2019 17:57:25,6917.9,9.93,260.36,-13.9,438.2,36.9
02-07-2019 17:57:26,6923.4,9.87,260.56,-14,437.9,43.1
02-07-2019 17:57:27,6928.9,9.9,260.78,-13.9,437.6,33.7
02-07-2019 17:57:28,6934.5,9.97,261.03,-13.9,437.3,45.4
02-07-2019 17:57:29,6940,10.05,261.16,-13.9,437,44.7
02-07-2019 17:57:30,6945.5,10.05,261.29,-13.8,436.6,33.9
02-07-2019 17:57:31,6951,10.02,261.27,-13.8,436.3,34.4
02-07-2019 17:57:32,6956.6,10,261.26,-13.9,436,41.6
02-07-2019 17:57:33,6962.1,9.99,261.17,-13.8,435.7,37.7
02-07-2019 17:57:34,6967.7,9.99,261.3,-13.8,435.3,43.9
02-07-2019 17:57:35,6973.3,9.96,261.72,-13.8,435,35.5
02-07-2019 17:57:36,6978.9,9.93,261.77,-13.8,434.7,34.8
02-07-2019 17:57:37,6984.5,9.94,261.53,-13.8,434.4,36.4
02-07-2019 17:57:38,6990.1,9.94,261.28,NaN,434.1,NaN
02-07-2019 17:57:39,6995.7,9.94,261.29,-13.9,433.8,30.9
02-07-2019 17:57:41,7001.3,9.97,261.55,-13.9,433.4,30.5
02-07-2019 17:57:42,7006.9,9.99,261.29,-14,433.1,42.9
02-07-2019 17:57:43,7012.5,10,260.9,-14.1,432.8,35.5
02-07-2019 17:57:44,7018.1,10.03,260.69,-14,432.5,35.8
02-07-2019 17:57:45,7023.7,10.01,260.67,-14,432.2,39
02-07-2019 17:57:46,7029.3,10,260.69,-14,431.8,34.7
02-07-2019 17:57:47,7034.9,10.02,260.88,-13.9,431.5,36
02-07-2019 17:57:48,7040.6,10.03,260.92,-13.9,431.2,36
02-07-2019 17:57:49,7046.2,9.97,260.85,-13.9,430.9,43.6
02-07-2019 17:57:50,7051.8,9.86,261,-14,430.6,36.8
02-07-2019 17:57:51,7057.5,9.82,260.9,-14,430.3,39.4
02-07-2019 17:57:52,7063.1,9.87,260.5,-14,429.9,35.3
02-07-2019 17:57:53,7068.8,9.92,260.25,-14,429.6,34.3
02-07-2019 17:57:54,7074.4,9.93,260.31,-14.1,429.3,43.1
02-07-2019 17:57:55,7080.1,9.91,260.74,-14.1,429,39.1
02-07-2019 17:57:56,7085.7,9.91,260.96,-14.2,428.7,37.4
02-07-2019 17:57:57,7091.4,9.95,261.05,-14.2,428.4,36.6
02-07-2019 17:57:58,7097,9.95,261.11,-14.2,428.1,39.1
02-07-2019 17:57:59,7102.7,9.97,261.2,-14.2,427.7,36.1
02-07-2019 17:58:00,7108.4,9.99,260.92,-14.2,427.4,36.7
02-07-2019 17:58:01,7114.1,10.04,260.47,-14.3,427.1,40.4
02-07-2019 17:58:02,7119.7,10.02,260.01,-14.3,426.8,44.4
02-07-2019 17:58:03,7125.4,9.91,259.74,-14.4,426.5,41
02-07-2019 17:58:04,7131.1,9.85,259.26,-14.3,426.1,42.4
02-07-2019 17:58:05,7136.7,9.84,258.96,-14.3,425.8,39.8
02-07-2019 17:58:06,7142.3,9.86,258.94,-14.3,425.5,43
02-07-2019 17:58:07,7148,9.88,258.87,-14.3,425.2,54
02-07-2019 17:58:08,7153.6,9.92,258.66,-14.3,424.9,54
02-07-2019 17:58:09,7159.3,9.86,258.07,-14.4,424.6,49.6
02-07-2019 17:58:10,7164.9,9.82,257.73,-14.3,424.3,45.6
02-07-2019 17:58:11,7170.5,9.81,257.46,-14.3,424,46.3
02-07-2019 17:58:12,7176.2,9.81,257.26,-14.3,423.6,44
02-07-2019 17:58:13,7181.8,9.7,256.84,-14.4,423.3,48.1
02-07-2019 17:58:14,7187.5,9.58,256.85,-14.4,423,45.9
02-07-2019 17:58:15,7193.1,9.54,256.66,-14.4,422.7,47.5
02-07-2019 17:58:16,7198.8,9.51,255.86,-14.4,422.4,44.4
02-07-2019 17:58:17,7204.4,9.55,255.08,-14.4,422.1,48.4
02-07-2019 17:58:18,7210,9.6,254.47,-14.4,421.8,49
02-07-2019 17:58:19,7215.6,9.64,254.14,-14.4,421.5,52
02-07-2019 17:58:20,7221.2,9.66,253.69,-14.4,421.2,51.5
02-07-2019 17:58:21,7226.9,9.65,253.42,-14.4,420.9,45.3
02-07-2019 17:58:22,7232.5,9.59,253.45,-14.5,420.5,44.2
02-07-2019 17:58:23,7238.1,9.46,253.44,-14.5,420.2,54
02-07-2019 17:58:24,7243.7,9.28,253.27,-14.6,419.9,51.2
02-07-2019 17:58:25,7249.3,9.17,252.84,-14.5,419.6,46
02-07-2019 17:58:26,7254.9,9.13,252.21,-14.5,419.3,42.4
02-07-2019 17:58:27,7260.4,9.19,251.52,-14.6,419,45
02-07-2019 17:58:28,7266,9.24,250.89,-14.5,418.7,48.1
02-07-2019 17:58:29,7271.6,9.26,250.51,-14.6,418.4,45.8
02-07-2019 17:58:30,7277.1,9.23,249.8,-14.6,418.1,50.6
02-07-2019 17:58:31,7282.7,9.13,248.84,-14.5,417.8,48.6
02-07-2019 17:58:32,7288.2,9.09,247.91,-14.5,417.5,46.1
02-07-2019 17:58:33,7293.7,9.07,247.36,-14.4,417.2,50.5
02-07-2019 17:58:34,7299.2,9.07,247.16,-14.4,416.9,51.6
02-07-2019 17:58:35,7304.7,9.05,247.14,-14.3,416.5,53.4
02-07-2019 17:58:36,7310.2,8.99,246.79,-14.3,416.2,53.9
02-07-2019 17:58:37,7315.6,8.94,245.96,-14.3,415.9,54.9
02-07-2019 17:58:38,7321,8.87,245.17,NaN,415.6,NaN
02-07-2019 17:58:40,7326.4,8.85,244.67,-14.2,415.4,50.7
02-07-2019 17:58:41,7331.8,8.82,244.33,-14.2,415.1,52.2
02-07-2019 17:58:42,7337.3,8.85,243.77,-14.2,414.8,53.5
02-07-2019 17:58:43,7342.7,8.88,243.15,NaN,414.5,NaN
02-07-2019 17:58:45,7348.1,8.83,242.83,-14.2,414.2,52.7
02-07-2019 17:58:46,7353.5,8.79,242.6,-14.2,413.9,54.2
02-07-2019 17:58:47,7359,8.8,242.19,-14.2,413.6,60.1
02-07-2019 17:58:48,7364.5,8.77,241.72,-14.3,413.3,54.9
02-07-2019 17:58:49,7369.9,8.74,241.28,-14.3,413,57.2
02-07-2019 17:58:50,7375.4,8.68,240.9,-14.4,412.7,57.1
02-07-2019 17:58:51,7380.9,8.66,240.71,-14.4,412.4,54.7
02-07-2019 17:58:52,7386.5,8.62,240.14,-14.4,412.1,56.8
02-07-2019 17:58:53,7392,8.66,239.68,-14.5,411.8,54.7
02-07-2019 17:58:54,7397.6,8.69,239.58,-14.5,411.5,53.7
02-07-2019 17:58:55,7403.1,8.7,239.24,-14.6,411.2,52.9
02-07-2019 17:58:56,7408.6,8.73,238.8,-14.6,410.9,53.5
02-07-2019 17:58:57,7414.2,8.74,238.42,-14.6,410.6,58.6
02-07-2019 17:58:58,7419.6,8.76,237.88,-14.7,410.3,58.5
02-07-2019 17:58:59,7425.2,8.8,237.07,-14.7,410,54.7
02-07-2019 17:59:00,7430.7,8.79,236.72,-14.7,409.7,57.1
02-07-2019 17:59:01,7436.3,8.72,236.35,-14.8,409.4,55.9
02-07-2019 17:59:02,7441.9,8.81,235.89,-14.8,409.1,55.8
02-07-2019 17:59:03,7447.6,8.83,235.49,-14.8,408.8,58
02-07-2019 17:59:04,7453.4,8.72,234.57,-14.9,408.4,56
02-07-2019 17:59:05,7459.1,8.7,234.07,-14.9,408.1,54.6
02-07-2019 17:59:06,7464.9,8.74,233.15,-14.9,407.8,57
02-07-2019 17:59:07,7470.5,8.83,232.53,-14.9,407.5,57.4
02-07-2019 17:59:08,7476.2,8.92,231.99,-15,407.2,56.2
02-07-2019 17:59:09,7482,8.82,232.12,-15.1,406.9,63.4
02-07-2019 17:59:10,7487.7,8.81,231.75,-15.1,406.6,61.3
02-07-2019 17:59:11,7493.5,8.73,231.66,-15.1,406.3,56.3
02-07-2019 17:59:12,7499.2,8.92,231.49,NaN,406,NaN
02-07-2019 17:59:14,7504.7,9.27,231.05,-15.2,405.7,61.4
02-07-2019 17:59:15,7510.3,9.23,231.44,-15.2,405.4,56.8
02-07-2019 17:59:16,7515.7,9.02,232.06,-15.2,405.1,56
02-07-2019 17:59:17,7521.1,9.13,233.16,-15.3,404.8,57.1
02-07-2019 17:59:18,7526.4,9.2,233.39,NaN,404.5,NaN
02-07-2019 17:59:20,7531.7,9,232.03,-15.4,404.2,55.8
02-07-2019 17:59:21,7537.1,9.14,232.38,-15.4,404,54.7
02-07-2019 17:59:22,7542.8,9.38,233.84,-15.4,403.6,55.3
02-07-2019 17:59:23,7548.3,9.32,234.96,NaN,403.3,NaN
02-07-2019 17:59:25,7553.9,8.97,235.24,-15.5,403,56.3
02-07-2019 17:59:26,7559.6,9.06,236.86,-15.6,402.7,60.3
02-07-2019 17:59:27,7564.9,9.49,236.99,-15.6,402.5,65.6
02-07-2019 17:59:28,7570.3,9.19,234.61,-15.7,402.2,58.2
02-07-2019 17:59:29,7575.2,10.31,239.14,-15.7,401.9,62.8
02-07-2019 17:59:30,7579.5,11.25,243.15,-15.7,401.7,60.5
02-07-2019 17:59:31,7581.2,10.67,247.3,-15.8,401.6,66.1
