ExptDateTime,Temperature,Humidity,Pressure,WindSpeed,WindDirection
01-08-2018 00:00:00,25.4,65,963.7,1.5,328
01-08-2018 01:00:00,25.2,66,964.4,0,359
01-08-2018 02:00:00,26.9,60,964.8,0.7,39
01-08-2018 03:00:00,28.7,53,965.1,1.7,334
01-08-2018 04:00:00,31,44,965.4,2.3,30
01-08-2018 05:00:00,32,42,965.1,4.1,36
01-08-2018 06:00:00,32.9,40,964.7,3.6,335
01-08-2018 07:00:00,33.1,39,964.3,2.4,348
01-08-2018 08:00:00,33.7,37,963.5,2.9,332
01-08-2018 09:00:00,33.8,37,962.8,3.7,330
01-08-2018 10:00:00,33.5,37,962.3,3.7,344
01-08-2018 11:00:00,33.2,38,962.2,1.6,10
01-08-2018 12:00:00,33.1,38,962.3,2.3,12
01-08-2018 13:00:00,32.3,41,962.9,0.6,339
01-08-2018 14:00:00,29.8,49,963.9,1.3,327
01-08-2018 15:00:00,29.3,52,964.9,1,317
01-08-2018 16:00:00,29.1,54,965.5,1.2,327
01-08-2018 17:00:00,28.4,55,965.6,1,331
01-08-2018 18:00:00,28,55,965.2,0.8,44
01-08-2018 19:00:00,27.9,58,965.1,1.3,35
01-08-2018 20:00:00,27.3,60,964.5,0.7,6
01-08-2018 21:00:00,26.7,62,964.1,0,359
01-08-2018 22:00:00,25.6,66,963.9,0,359
01-08-2018 23:00:00,25,70,964,0,359
02-08-2018 00:00:00,24.9,71,964.5,0,359
02-08-2018 01:00:00,24.7,72,965.1,0,359
02-08-2018 02:00:00,26.6,64,965.8,1.1,25
02-08-2018 03:00:00,28.9,54,965.9,2.8,40
02-08-2018 04:00:00,30.5,48,965.9,1.7,15
02-08-2018 05:00:00,32,44,965.6,1.7,27
02-08-2018 06:00:00,32.8,42,965,1.5,359
02-08-2018 07:00:00,34.7,36,964.5,2.1,37
02-08-2018 08:00:00,35,35,963.7,2.1,37
02-08-2018 09:00:00,34.8,35,963.2,2.3,40
02-08-2018 10:00:00,34.4,36,962.6,2.3,39
02-08-2018 11:00:00,34.9,35,962.3,1.9,34
02-08-2018 12:00:00,34,36,962.6,2,40
02-08-2018 13:00:00,33.1,39,963.3,1.2,31
02-08-2018 14:00:00,32.2,42,963.9,0.7,14
02-08-2018 15:00:00,31.5,44,964.7,0,359
02-08-2018 16:00:00,30.5,48,965.6,0,359
02-08-2018 17:00:00,30,49,966.1,0,359
02-08-2018 18:00:00,29.2,51,965.5,0,359
02-08-2018 19:00:00,28.6,55,965.2,0,359
02-08-2018 20:00:00,28.4,55,965,0,359
02-08-2018 21:00:00,27.9,59,964.5,0,359
02-08-2018 22:00:00,28.2,57,964.4,1.6,38
02-08-2018 23:00:00,27.6,58,964.9,1,34
03-08-2018 00:00:00,26.9,62,965.5,0,359
03-08-2018 01:00:00,26.6,64,966.1,0.7,27
03-08-2018 02:00:00,26.9,64,966.7,0,359
03-08-2018 03:00:00,28.3,59,967.3,1.3,14
03-08-2018 04:00:00,30.1,52,967.3,1.3,34
03-08-2018 05:00:00,31,48,967,2.8,31
03-08-2018 06:00:00,32.7,43,966.1,2.6,37
03-08-2018 07:00:00,34.1,40,965.2,2.1,34
03-08-2018 08:00:00,34.4,37,963.9,2.1,24
03-08-2018 09:00:00,34.7,35,963,3,36
03-08-2018 10:00:00,35.4,33,962.1,1.6,27
03-08-2018 11:00:00,35,34,961.8,1.8,40
03-08-2018 12:00:00,35,33,961.9,2.4,37
03-08-2018 13:00:00,33.6,36,962.8,0.8,20
03-08-2018 14:00:00,32.2,42,963.8,1.8,41
03-08-2018 15:00:00,29.5,49,965.4,1.1,0
03-08-2018 16:00:00,29.1,52,965.6,0,359
03-08-2018 17:00:00,28.6,55,966.1,0,359
03-08-2018 18:00:00,28.4,57,965.5,0,359
03-08-2018 19:00:00,28.7,56,965,1.2,32
03-08-2018 20:00:00,28.4,55,965,1.4,36
03-08-2018 21:00:00,27.7,59,964.7,0,359
03-08-2018 22:00:00,27.2,60,965,0.6,18
03-08-2018 23:00:00,26.8,61,964.9,1.5,36
04-08-2018 00:00:00,26.5,62,965,1,21
04-08-2018 01:00:00,26.4,62,965.3,0.7,39
04-08-2018 02:00:00,26.9,60,966.2,1.5,8
04-08-2018 03:00:00,27.8,56,966.8,1.7,33
04-08-2018 04:00:00,29.8,51,966.8,1.6,29
04-08-2018 05:00:00,31,46,966.3,3.6,39
04-08-2018 06:00:00,33,41,965.5,2.4,14
04-08-2018 07:00:00,34.1,38,964.4,2.2,34
04-08-2018 08:00:00,34.8,35,963.2,1.5,340
04-08-2018 09:00:00,35.3,34,962.4,4.1,37
04-08-2018 10:00:00,34.8,34,961.9,2.6,45
04-08-2018 11:00:00,34.2,36,961.8,2.1,42
04-08-2018 12:00:00,33.7,39,962,0.7,31
04-08-2018 13:00:00,32.4,43,962.8,0,359
04-08-2018 14:00:00,30.9,48,963.8,1.5,136
04-08-2018 15:00:00,29.6,55,964.6,0,359
04-08-2018 16:00:00,25.1,94,965.9,0.9,300
04-08-2018 17:00:00,23.7,0,967,1.6,44
04-08-2018 18:00:00,24.4,0,966.6,0.5,265
04-08-2018 19:00:00,24.4,0,966,0,359
04-08-2018 20:00:00,24.7,0,964.9,0,359
04-08-2018 21:00:00,24.5,96,964.4,0.4,18
04-08-2018 22:00:00,25,82,964.3,0.5,40
04-08-2018 23:00:00,25.6,73,964.8,0.8,40
05-08-2018 00:00:00,25.8,71,965.1,0.6,34
05-08-2018 01:00:00,25.7,70,965.6,1,6
05-08-2018 02:00:00,26.7,67,966.3,0.8,40
05-08-2018 03:00:00,28.2,61,966.5,1.2,30
05-08-2018 04:00:00,29.2,54,966.8,2.5,40
05-08-2018 05:00:00,30.1,50,966,3.9,39
05-08-2018 06:00:00,32.2,45,965.3,1.6,32
05-08-2018 07:00:00,32.5,43,964.5,4.2,40
05-08-2018 08:00:00,33,41,963.7,1.6,29
05-08-2018 09:00:00,33,41,963.1,1.9,32
05-08-2018 10:00:00,32.7,40,962.7,3.4,32
05-08-2018 11:00:00,32.4,42,962.5,1.8,36
05-08-2018 12:00:00,32.9,40,962.4,1.6,17
05-08-2018 13:00:00,31.8,43,962.8,0,359
05-08-2018 14:00:00,31.4,45,963.9,0.5,349
05-08-2018 15:00:00,30.2,49,964.8,0,359
05-08-2018 16:00:00,29.4,53,965.4,0,359
05-08-2018 17:00:00,28.8,49,965.9,0.8,33
05-08-2018 18:00:00,27.7,54,965.2,1.4,40
05-08-2018 19:00:00,26.7,58,964.6,0,359
05-08-2018 20:00:00,26.3,62,963.9,0,359
05-08-2018 21:00:00,27.1,61,963.1,0.5,356
05-08-2018 22:00:00,27.4,58,962.9,1.3,24
05-08-2018 23:00:00,27.4,57,962.9,0.8,349
06-08-2018 00:00:00,26.8,60,963.1,1.6,327
06-08-2018 01:00:00,26.4,61,963.6,0.8,327
06-08-2018 02:00:00,27.6,57,964.3,2.3,357
06-08-2018 03:00:00,28.9,53,964.7,2.1,11
06-08-2018 04:00:00,29.2,51,964.8,2.7,14
06-08-2018 05:00:00,30.2,47,964.4,4,35
06-08-2018 06:00:00,31.3,44,963.7,3.9,32
06-08-2018 07:00:00,31.8,42,963,2.5,4
06-08-2018 08:00:00,33.1,39,962,1.6,7
06-08-2018 09:00:00,33.3,37,961.4,2.7,8
06-08-2018 10:00:00,33.6,35,960.7,1.8,24
06-08-2018 11:00:00,33.7,34,960.8,2.7,28
06-08-2018 12:00:00,32.8,37,961.4,2.4,22
06-08-2018 13:00:00,30.6,44,962.3,4.2,37
06-08-2018 14:00:00,30.2,46,963,1.7,20
06-08-2018 15:00:00,29.5,49,963.8,1,348
06-08-2018 16:00:00,28.8,51,964.2,1.2,19
06-08-2018 17:00:00,28.4,54,964.6,2.6,29
06-08-2018 18:00:00,27.7,57,963.9,2.2,27
06-08-2018 19:00:00,27.3,59,962.9,1.2,8
06-08-2018 20:00:00,26.7,60,962.3,0,359
06-08-2018 21:00:00,26.8,59,961.8,2.1,347
06-08-2018 22:00:00,26.6,59,961.7,1.7,353
06-08-2018 23:00:00,26.1,61,961.7,2.3,30
07-08-2018 00:00:00,26,61,962.1,1.6,334
07-08-2018 01:00:00,26,62,962.8,1.2,330
07-08-2018 02:00:00,26.3,60,963.2,1.5,334
07-08-2018 03:00:00,27.3,57,963.7,2,40
07-08-2018 04:00:00,28.2,54,963.8,0.9,18
07-08-2018 05:00:00,28.8,51,963.4,1.1,355
07-08-2018 06:00:00,29.8,48,963.1,1.7,336
07-08-2018 07:00:00,30.2,47,962.1,2.9,333
07-08-2018 08:00:00,30.8,44,961.3,2.3,23
07-08-2018 09:00:00,32,41,960.4,2.8,348
07-08-2018 10:00:00,31.6,43,960.2,3.7,327
07-08-2018 11:00:00,30.9,44,960.1,2.5,350
07-08-2018 12:00:00,30.7,46,960.3,2.7,35
07-08-2018 13:00:00,23.8,0,961.6,0,359
07-08-2018 14:00:00,24.2,96,962.3,0,359
07-08-2018 15:00:00,24,93,962.7,0,359
07-08-2018 16:00:00,24.1,99,962.8,0,359
07-08-2018 17:00:00,24.4,90,963,0,359
07-08-2018 18:00:00,24.5,85,962.4,0,359
07-08-2018 19:00:00,24.3,91,961.8,0.6,321
07-08-2018 20:00:00,24.2,87,961.5,0,359
07-08-2018 21:00:00,24.2,87,961.2,0,359
07-08-2018 22:00:00,24.3,88,961.1,0,359
07-08-2018 23:00:00,25.1,75,961,1.1,333
08-08-2018 00:00:00,24.7,77,961.7,0.1,13
08-08-2018 01:00:00,24.4,79,962,0.3,359
08-08-2018 02:00:00,25.1,76,962.7,0.5,33
08-08-2018 03:00:00,26.5,68,963.3,0.7,358
08-08-2018 04:00:00,27.8,62,963.5,1.2,348
08-08-2018 05:00:00,29.2,56,963.1,2,8
08-08-2018 06:00:00,30,51,962.3,2.2,7
08-08-2018 07:00:00,31.6,46,961.2,2,20
08-08-2018 08:00:00,32.7,43,960.1,1.4,358
08-08-2018 09:00:00,34,38,959.5,2.3,36
08-08-2018 10:00:00,33.8,37,959.2,1.6,29
08-08-2018 11:00:00,33.4,38,959.1,2.7,33
08-08-2018 12:00:00,29.2,59,959.7,2.7,41
08-08-2018 13:00:00,27.1,69,960.7,0,359
08-08-2018 14:00:00,26.7,76,961.7,0,359
08-08-2018 15:00:00,26,78,962.5,0,359
08-08-2018 16:00:00,26.1,76,963.4,0,359
08-08-2018 17:00:00,26.4,75,963.8,0,359
08-08-2018 18:00:00,25.7,76,963.7,0,359
08-08-2018 19:00:00,25.7,73,963.4,0,359
08-08-2018 20:00:00,24.4,82,963.3,0.5,270
08-08-2018 21:00:00,24.3,81,963,0,359
08-08-2018 22:00:00,24.8,73,963.3,0,359
08-08-2018 23:00:00,24.9,72,963.2,0,359
09-08-2018 00:00:00,25.1,71,963.7,0.8,33
09-08-2018 01:00:00,24.3,77,964.1,0,359
09-08-2018 02:00:00,26.3,69,964.7,0.6,29
09-08-2018 03:00:00,28.4,57,965.1,2.2,0
09-08-2018 04:00:00,30.2,52,965.1,1.4,9
09-08-2018 05:00:00,31.8,46,965,1.6,10
09-08-2018 06:00:00,32.5,44,964.5,2.3,19
09-08-2018 07:00:00,33.1,41,963.8,2.4,36
09-08-2018 08:00:00,33.8,38,962.4,3.3,41
09-08-2018 09:00:00,35.6,34,961.7,2.7,32
09-08-2018 10:00:00,34.9,35,961.2,3,32
09-08-2018 11:00:00,34,40,961.3,1.1,359
09-08-2018 12:00:00,34.2,41,961.6,1.6,40
09-08-2018 13:00:00,32.5,44,962.2,1.3,40
09-08-2018 14:00:00,31.6,45,962.7,0,359
09-08-2018 15:00:00,31.3,46,963.8,1.7,37
09-08-2018 16:00:00,31,47,964.6,1.2,31
09-08-2018 17:00:00,29.8,51,965.2,1.9,31
09-08-2018 18:00:00,29.1,55,965.6,0.2,353
09-08-2018 19:00:00,28.3,55,965.1,0.8,23
09-08-2018 20:00:00,27.5,58,964.8,0.9,347
09-08-2018 21:00:00,27,61,964.6,1.3,36
09-08-2018 22:00:00,26.8,62,964.5,0.6,5
09-08-2018 23:00:00,26.6,63,964.5,0,359
10-08-2018 00:00:00,26.5,62,965.1,0.7,327
10-08-2018 01:00:00,26.3,63,965.4,0,359
10-08-2018 02:00:00,26.7,62,965.9,0,359
10-08-2018 03:00:00,27.9,57,966.3,1.7,354
10-08-2018 04:00:00,29.1,54,966.9,4.2,40
10-08-2018 05:00:00,29.5,52,966.8,3.4,36
10-08-2018 06:00:00,30,51,965.9,2.3,18
10-08-2018 07:00:00,30,51,965.4,2.6,36
10-08-2018 08:00:00,30.3,50,964.8,1.2,29
10-08-2018 09:00:00,31,48,964.3,3.5,27
10-08-2018 10:00:00,30.6,50,963.3,1.1,12
10-08-2018 11:00:00,30.5,50,962.7,1.1,26
10-08-2018 12:00:00,30.5,49,962.4,2,336
10-08-2018 13:00:00,30.4,48,962.8,1.6,341
10-08-2018 14:00:00,29.8,51,963.4,0.8,327
10-08-2018 15:00:00,29.7,51,964.2,1.2,332
10-08-2018 16:00:00,29.4,52,964.8,0.8,335
10-08-2018 17:00:00,29.4,53,965.2,0.9,334
10-08-2018 18:00:00,29,53,965.3,1.9,359
10-08-2018 19:00:00,28.4,56,964.9,2.7,15
10-08-2018 20:00:00,25.9,70,964.8,1.9,24
10-08-2018 21:00:00,25,78,964,1.6,34
10-08-2018 22:00:00,23.7,94,963.9,0.5,40
10-08-2018 23:00:00,23.4,96,963.7,1.3,35
11-08-2018 00:00:00,22.9,0,963.7,0.2,40
11-08-2018 01:00:00,22.7,0,963.8,0.6,7
11-08-2018 02:00:00,22.7,0,964.5,0.9,38
11-08-2018 03:00:00,22.7,0,965.1,0.6,30
11-08-2018 04:00:00,22.9,0,965.6,1.2,40
11-08-2018 05:00:00,23.1,0,965.7,0.5,40
11-08-2018 06:00:00,23.6,0,964.9,1.2,7
11-08-2018 07:00:00,24.5,96,964.2,0.1,355
11-08-2018 08:00:00,25.3,88,963.6,0.6,326
11-08-2018 09:00:00,26.5,80,962.6,1.1,327
11-08-2018 10:00:00,27,76,961.7,0,359
11-08-2018 11:00:00,27.4,72,961.4,0,359
11-08-2018 12:00:00,27.3,68,961.5,1.5,322
11-08-2018 13:00:00,26.8,72,961.6,0.8,308
11-08-2018 14:00:00,26.3,74,962.3,0.8,320
11-08-2018 15:00:00,26.7,70,963.5,1.3,342
11-08-2018 16:00:00,26.2,70,964.2,1.2,40
11-08-2018 17:00:00,26,72,964.5,0.8,338
11-08-2018 18:00:00,26.2,70,964,1.2,22
11-08-2018 19:00:00,26.5,67,963.6,1.6,352
11-08-2018 20:00:00,26.1,69,962.5,0.7,359
11-08-2018 21:00:00,26.1,68,961.8,1,28
11-08-2018 22:00:00,25.7,71,961.4,0.6,34
11-08-2018 23:00:00,25.6,70,961.4,1.3,22
12-08-2018 00:00:00,25.3,72,961.6,0.9,30
12-08-2018 01:00:00,25.3,73,962,0.9,35
12-08-2018 02:00:00,25.9,71,962.7,1,353
12-08-2018 03:00:00,27,67,963.2,0.7,33
12-08-2018 04:00:00,28,61,963.1,2.7,29
12-08-2018 05:00:00,27.9,61,962.8,2.9,18
12-08-2018 06:00:00,29.2,56,962.7,2.4,23
12-08-2018 07:00:00,29.5,55,962.4,1.6,358
12-08-2018 08:00:00,29.3,55,961.7,2.4,29
12-08-2018 09:00:00,29.9,53,961.2,2.1,7
12-08-2018 10:00:00,29.6,53,960.6,2.2,357
12-08-2018 11:00:00,29.4,54,960.3,2,11
12-08-2018 12:00:00,28.8,56,961,2.5,357
12-08-2018 13:00:00,28.4,57,961.6,1.5,26
12-08-2018 14:00:00,27.4,62,962.4,0.7,12
12-08-2018 15:00:00,26.8,65,963.3,1.5,348
12-08-2018 16:00:00,26.6,66,964.2,1.7,15
12-08-2018 17:00:00,25.9,68,964.1,0.5,358
12-08-2018 18:00:00,26.2,67,963.7,1.4,354
12-08-2018 19:00:00,25.6,70,962.6,0.8,347
12-08-2018 20:00:00,25.5,71,961.9,1.3,337
12-08-2018 21:00:00,25.9,66,961.3,2.2,35
12-08-2018 22:00:00,25.5,67,961.2,0.2,350
12-08-2018 23:00:00,25.6,66,961.2,1.2,26
13-08-2018 00:00:00,25.2,69,961.4,0.5,359
13-08-2018 01:00:00,25,70,961.7,0.4,347
13-08-2018 02:00:00,26,67,962.3,1.2,33
13-08-2018 03:00:00,26.4,65,962.9,1.2,346
13-08-2018 04:00:00,27.7,59,963.1,1.4,14
13-08-2018 05:00:00,28.6,54,963.1,2,353
13-08-2018 06:00:00,29.7,51,962.5,2.3,33
13-08-2018 07:00:00,31.5,44,961.5,2.4,17
13-08-2018 08:00:00,30.7,47,961.6,1.7,358
13-08-2018 09:00:00,30,49,961.5,2.9,355
13-08-2018 10:00:00,29.8,53,961.4,1.1,17
13-08-2018 11:00:00,28.8,57,961.3,1.1,39
13-08-2018 12:00:00,29.2,54,961.8,1.6,348
13-08-2018 13:00:00,28.9,50,962.5,1.9,334
13-08-2018 14:00:00,28.4,52,962.8,1.2,0
13-08-2018 15:00:00,27.6,57,963.4,0.8,327
13-08-2018 16:00:00,27.4,56,963.7,2.2,330
13-08-2018 17:00:00,27,59,963.8,1.9,327
13-08-2018 18:00:00,26.3,63,964,1.9,332
13-08-2018 19:00:00,26.2,64,963.7,1.7,330
13-08-2018 20:00:00,26.5,62,963,1.3,347
13-08-2018 21:00:00,25.9,65,962.2,0.6,327
13-08-2018 22:00:00,25.3,68,961.7,0.7,327
13-08-2018 23:00:00,25.6,65,961.4,0.6,338
14-08-2018 00:00:00,26,64,961.1,1.3,11
14-08-2018 01:00:00,25.5,67,961.3,0.9,24
14-08-2018 02:00:00,25.9,66,962.3,1.1,22
14-08-2018 03:00:00,27.1,62,962.8,1.3,4
14-08-2018 04:00:00,28.4,58,963,1,17
14-08-2018 05:00:00,28.7,57,962.5,0.7,340
14-08-2018 06:00:00,29.6,54,962,2.2,28
14-08-2018 07:00:00,30.3,53,961.1,2.1,359
14-08-2018 08:00:00,29.4,58,960.4,2,17
14-08-2018 09:00:00,29.7,59,959.7,1.5,354
14-08-2018 10:00:00,30.3,56,959,1.7,36
14-08-2018 11:00:00,25.1,0,958.9,1.1,340
14-08-2018 12:00:00,25,0,959.1,0,359
14-08-2018 13:00:00,25,0,959.8,0,359
14-08-2018 14:00:00,25,0,960.7,0,359
14-08-2018 15:00:00,23.7,0,962.3,1.9,333
14-08-2018 16:00:00,23.1,0,962.1,0.9,327
14-08-2018 17:00:00,23,0,962.2,0,359
14-08-2018 18:00:00,23.1,0,962.2,0,359
14-08-2018 19:00:00,23.1,0,961.4,0,359
14-08-2018 20:00:00,23.1,0,960.8,0,359
14-08-2018 21:00:00,22.9,0,960.3,0,359
14-08-2018 22:00:00,22.9,0,959.9,0,359
14-08-2018 23:00:00,23,0,960.3,0,359
15-08-2018 00:00:00,23.2,0,960.5,0,359
15-08-2018 01:00:00,23.9,0,960.5,0.2,358
15-08-2018 02:00:00,24.3,0,961,0.7,40
15-08-2018 03:00:00,25.5,90,961.4,0.6,25
15-08-2018 04:00:00,26.7,82,961.8,1.3,12
15-08-2018 05:00:00,28,72,961.6,3.6,27
15-08-2018 06:00:00,27.9,73,961.8,3.4,38
15-08-2018 07:00:00,28.6,70,961.2,1.7,349
15-08-2018 08:00:00,27,82,960.6,2,359
15-08-2018 09:00:00,27.9,73,960.3,2.3,21
15-08-2018 10:00:00,28.6,67,959.4,2.2,12
15-08-2018 11:00:00,29.4,64,958.7,1.4,349
15-08-2018 12:00:00,29.4,63,958.6,1.2,349
15-08-2018 13:00:00,25.7,84,960.1,3.8,327
15-08-2018 14:00:00,25,92,960.5,0,359
15-08-2018 15:00:00,25.3,88,961.2,0,359
15-08-2018 16:00:00,25.8,81,961.9,0.7,327
15-08-2018 17:00:00,25.9,79,962.1,0,359
15-08-2018 18:00:00,25.5,81,961.9,0,359
15-08-2018 19:00:00,26.3,72,961.2,1.7,327
15-08-2018 20:00:00,26.3,71,960.9,1,333
15-08-2018 21:00:00,26.1,72,960.5,1.7,337
15-08-2018 22:00:00,26,71,960.4,1.8,336
15-08-2018 23:00:00,25.5,76,960.4,1.1,319
16-08-2018 00:00:00,25.2,78,960.6,1,327
16-08-2018 01:00:00,25.4,76,960.6,1.7,333
16-08-2018 02:00:00,26.6,72,961.2,2.4,326
16-08-2018 03:00:00,27.3,69,961.5,2.3,327
16-08-2018 04:00:00,28.5,62,961.3,2.8,335
16-08-2018 05:00:00,28.9,60,961.1,2,342
16-08-2018 06:00:00,29.8,59,960.8,2.4,327
16-08-2018 07:00:00,30.8,55,960.1,1.9,352
16-08-2018 08:00:00,31.2,51,959.7,2.4,6
16-08-2018 09:00:00,31.1,52,959.4,1.7,333
16-08-2018 10:00:00,30.9,52,959.2,2.6,32
16-08-2018 11:00:00,31,52,958.6,1.8,28
16-08-2018 12:00:00,29.4,62,959.1,0.7,12
16-08-2018 13:00:00,27.1,70,960.1,1.3,340
16-08-2018 14:00:00,27.7,66,960.6,2,345
16-08-2018 15:00:00,27.8,61,961.5,2.1,334
16-08-2018 16:00:00,27.5,61,962,1.8,340
16-08-2018 17:00:00,26.8,64,962.3,0.5,40
16-08-2018 18:00:00,26.7,63,962.1,2.1,333
16-08-2018 19:00:00,25.8,68,961.7,0.8,326
16-08-2018 20:00:00,25.2,74,960.8,1.4,323
16-08-2018 21:00:00,24.8,76,960.1,1,325
16-08-2018 22:00:00,24.9,75,960.3,1.6,327
16-08-2018 23:00:00,25,74,960.2,0,359
17-08-2018 00:00:00,24.8,76,960.6,0,359
17-08-2018 01:00:00,25.3,75,961.1,0,359
17-08-2018 02:00:00,25.9,73,961.6,0,359
17-08-2018 03:00:00,27.2,68,962,1.3,343
17-08-2018 04:00:00,28.5,60,962.2,2,335
17-08-2018 05:00:00,29.5,55,961.5,2.9,339
17-08-2018 06:00:00,31.5,49,961.1,2.1,21
17-08-2018 07:00:00,31.9,47,960.5,2.8,334
17-08-2018 08:00:00,33,44,959.5,1.5,15
17-08-2018 09:00:00,33.7,43,958.5,1.9,16
17-08-2018 10:00:00,33,43,958.2,2.1,3
17-08-2018 11:00:00,30.8,54,958.3,0.8,354
17-08-2018 12:00:00,31.9,46,958.3,1.3,357
17-08-2018 13:00:00,31.4,46,958.9,1.2,355
17-08-2018 14:00:00,30.7,48,959.8,2.6,351
17-08-2018 15:00:00,29.7,53,960.8,0,359
17-08-2018 16:00:00,28.6,57,961.6,0.3,337
17-08-2018 17:00:00,27.8,60,962.3,0,359
17-08-2018 18:00:00,27,63,962.1,0,359
17-08-2018 19:00:00,27.5,58,961.4,2,359
17-08-2018 20:00:00,26.9,61,960.7,1.8,354
17-08-2018 21:00:00,26.3,63,960.4,0.9,356
17-08-2018 22:00:00,26.1,64,960.2,0.4,6
17-08-2018 23:00:00,25.5,66,960.7,0.7,40
18-08-2018 00:00:00,25.2,68,961.2,0.4,31
18-08-2018 01:00:00,25.1,69,961.7,0.9,13
18-08-2018 02:00:00,25.8,68,962.4,1.4,339
18-08-2018 03:00:00,27.3,63,962.6,2.2,11
18-08-2018 04:00:00,28.5,59,962.5,1.8,7
18-08-2018 05:00:00,29.7,55,962.4,2,2
18-08-2018 06:00:00,30.8,50,961.6,2.2,359
18-08-2018 07:00:00,32,46,960.7,2.5,5
18-08-2018 08:00:00,33,43,959.8,3.2,358
18-08-2018 09:00:00,33,43,959,2.5,32
18-08-2018 10:00:00,33.6,41,958.6,3,24
18-08-2018 11:00:00,33.1,41,958.4,3,5
18-08-2018 12:00:00,32.3,43,958.7,1.8,29
18-08-2018 13:00:00,31.4,45,959.7,0.8,346
18-08-2018 14:00:00,30.8,47,960.8,1.9,337
18-08-2018 15:00:00,30.1,50,961.8,2.3,335
18-08-2018 16:00:00,29.6,52,962.4,2.5,0
18-08-2018 17:00:00,28.8,54,962.5,2.2,342
18-08-2018 18:00:00,28.4,56,962.3,2.2,331
18-08-2018 19:00:00,28.1,57,961.7,0.7,357
18-08-2018 20:00:00,27.4,60,961.5,2.2,40
18-08-2018 21:00:00,27,62,960.8,1.1,20
18-08-2018 22:00:00,26.8,63,960.6,1.9,35
18-08-2018 23:00:00,26.6,62,960.7,2.2,27
19-08-2018 00:00:00,26.3,64,961,1.1,13
19-08-2018 01:00:00,26.1,66,961.3,1.3,32
19-08-2018 02:00:00,26.5,66,962.2,0.9,27
19-08-2018 03:00:00,27.6,63,962.6,1.5,16
19-08-2018 04:00:00,28.1,61,962.9,2.4,32
19-08-2018 05:00:00,29.4,56,962.9,1.7,22
19-08-2018 06:00:00,30.2,51,962,4.3,40
19-08-2018 07:00:00,30.3,51,961.1,2.7,19
19-08-2018 08:00:00,31.4,48,960.3,3.5,31
19-08-2018 09:00:00,31.8,47,959.4,3.4,34
19-08-2018 10:00:00,31.3,47,959.3,3.8,34
19-08-2018 11:00:00,31.2,47,959.2,1,18
19-08-2018 12:00:00,30.7,46,959.4,1.7,21
19-08-2018 13:00:00,30.1,49,959.6,0.7,22
19-08-2018 14:00:00,29.5,52,960.2,0.6,4
19-08-2018 15:00:00,29.3,53,961.4,0.5,31
19-08-2018 16:00:00,29,55,961.8,0.7,35
19-08-2018 17:00:00,28.8,55,962.3,2.1,32
19-08-2018 18:00:00,28.3,58,962.2,2.6,357
19-08-2018 19:00:00,27.6,61,961.5,1.3,354
19-08-2018 20:00:00,27.1,62,961,1,343
19-08-2018 21:00:00,26.7,62,960.4,1.6,29
19-08-2018 22:00:00,26.3,62,960.6,1.6,34
19-08-2018 23:00:00,26.1,62,961.1,1,17
20-08-2018 00:00:00,25.8,63,961.7,1.2,0
20-08-2018 01:00:00,25.8,64,962.1,0.8,4
20-08-2018 02:00:00,26.3,63,962.8,0.7,26
20-08-2018 03:00:00,27.5,59,963.3,1.5,7
20-08-2018 04:00:00,28.5,55,963.7,2.5,24
20-08-2018 05:00:00,29.5,52,963.5,3,3
20-08-2018 06:00:00,30.5,49,962.9,2.7,355
20-08-2018 07:00:00,30.9,48,962.3,1.8,12
20-08-2018 08:00:00,31.7,47,961.5,1.6,22
20-08-2018 09:00:00,31.3,46,961,3.6,38
20-08-2018 10:00:00,31.4,48,960.5,2,32
20-08-2018 11:00:00,31.2,47,960.4,1.1,25
20-08-2018 12:00:00,30.5,49,960.6,1.1,21
20-08-2018 13:00:00,30,49,961.4,0.9,28
20-08-2018 14:00:00,29.8,50,962.1,1.4,358
20-08-2018 15:00:00,29.1,50,962.8,1.2,10
20-08-2018 16:00:00,28.2,54,963.6,0.6,8
20-08-2018 17:00:00,28.1,57,963.8,3.1,330
20-08-2018 18:00:00,27.7,58,963.8,1.8,335
20-08-2018 19:00:00,27.1,60,963.5,0.6,330
20-08-2018 20:00:00,26,66,962.9,0.5,327
20-08-2018 21:00:00,25,71,962.5,0.3,327
20-08-2018 22:00:00,24.6,74,962.6,0.4,327
20-08-2018 23:00:00,24.1,77,962.9,0,359
21-08-2018 00:00:00,23.8,78,963.2,0,359
21-08-2018 01:00:00,23.6,80,963.8,0.7,327
21-08-2018 02:00:00,24.5,78,964.4,0,359
21-08-2018 03:00:00,27.5,59,964.6,2.8,341
21-08-2018 04:00:00,29.6,53,964.7,1.8,15
21-08-2018 05:00:00,31,49,964.3,2.1,35
21-08-2018 06:00:00,32.2,45,963.6,2.2,328
21-08-2018 07:00:00,33.2,41,962.8,2.5,37
21-08-2018 08:00:00,33.7,40,961.7,1.6,19
21-08-2018 09:00:00,34.1,37,961,2.1,17
21-08-2018 10:00:00,34,38,960.2,2.6,23
21-08-2018 11:00:00,34,37,960.3,2.2,34
21-08-2018 12:00:00,32.9,44,960.9,1.1,322
21-08-2018 13:00:00,32.4,41,961.6,1.5,35
21-08-2018 14:00:00,30.6,49,962.7,1.8,324
21-08-2018 15:00:00,29.2,56,963.8,0.8,327
21-08-2018 16:00:00,28.8,59,964.8,0,359
21-08-2018 17:00:00,29.1,55,965.3,0.9,355
21-08-2018 18:00:00,29.1,54,965.2,1.4,348
21-08-2018 19:00:00,28,59,964.6,0,359
21-08-2018 20:00:00,27.4,61,964.4,1.5,355
21-08-2018 21:00:00,26.4,65,964.1,0,359
21-08-2018 22:00:00,26.1,65,964.3,0.9,14
21-08-2018 23:00:00,25.5,66,964.4,1,340
22-08-2018 00:00:00,24.9,69,964.5,0.9,21
22-08-2018 01:00:00,24.8,69,965.3,1.1,35
22-08-2018 02:00:00,26,66,965.8,0.9,33
22-08-2018 03:00:00,27.7,58,966.1,2.7,31
22-08-2018 04:00:00,29.1,54,966.1,2.1,6
22-08-2018 05:00:00,30.6,50,965.5,1.9,23
22-08-2018 06:00:00,32.2,46,964.8,2.4,337
22-08-2018 07:00:00,33.2,42,963.7,2.5,355
22-08-2018 08:00:00,34,39,962.7,3.2,40
22-08-2018 09:00:00,34.6,38,961.7,2.6,327
22-08-2018 10:00:00,34.9,37,961.2,2.1,31
22-08-2018 11:00:00,34.5,38,961,2.3,34
22-08-2018 12:00:00,33.6,38,961.5,1.9,349
22-08-2018 13:00:00,32.2,41,962.3,0.9,32
22-08-2018 14:00:00,31.2,44,963.3,0.4,10
22-08-2018 15:00:00,30.2,48,964.2,0,359
22-08-2018 16:00:00,29.4,50,964.9,0,359
22-08-2018 17:00:00,29.1,52,965.5,0.4,40
22-08-2018 18:00:00,29,54,965.6,0,359
22-08-2018 19:00:00,28.6,57,965.4,1.3,37
22-08-2018 20:00:00,28.3,58,965.1,0.6,19
22-08-2018 21:00:00,27.4,61,964.6,1.1,42
22-08-2018 22:00:00,26.4,65,964.5,0.7,313
22-08-2018 23:00:00,26.3,65,964.7,0.8,339
23-08-2018 00:00:00,25.9,65,964.8,0.5,3
23-08-2018 01:00:00,25.8,66,965.3,0.8,13
23-08-2018 02:00:00,26.2,65,965.9,1,8
23-08-2018 03:00:00,27.7,61,966.7,1.5,17
23-08-2018 04:00:00,28.7,57,966.7,1.3,7
23-08-2018 05:00:00,30.2,51,966.3,3.2,16
23-08-2018 06:00:00,32,46,965.3,2.2,24
23-08-2018 07:00:00,32.6,44,964.3,3,30
23-08-2018 08:00:00,32.9,44,963,2.6,27
23-08-2018 09:00:00,33.8,41,962.3,2.6,38
23-08-2018 10:00:00,33.8,40,962.1,2.7,344
23-08-2018 11:00:00,33.2,41,961.8,2,23
23-08-2018 12:00:00,32.5,44,962.1,2.6,39
23-08-2018 13:00:00,31.4,46,962.6,0.6,24
23-08-2018 14:00:00,30.5,49,963.3,0.4,19
23-08-2018 15:00:00,30,51,964.2,0.4,40
23-08-2018 16:00:00,29.8,52,965.2,0.7,13
23-08-2018 17:00:00,29.2,55,965.8,0,359
23-08-2018 18:00:00,28.8,57,965.9,1.4,331
23-08-2018 19:00:00,28.3,58,965.2,1.2,22
23-08-2018 20:00:00,27.7,60,964.4,0.8,38
23-08-2018 21:00:00,27.4,61,963.8,1.5,27
23-08-2018 22:00:00,27.2,61,963.7,1.1,19
23-08-2018 23:00:00,26.8,62,964,1.3,359
24-08-2018 00:00:00,26.5,63,964.5,2.1,34
24-08-2018 01:00:00,26.1,63,964.7,1.9,41
24-08-2018 02:00:00,26.1,64,965.7,1.8,32
24-08-2018 03:00:00,26.6,63,966.3,0.6,355
24-08-2018 04:00:00,27.5,61,966.6,1.3,10
24-08-2018 05:00:00,28.1,59,966.2,1.3,27
24-08-2018 06:00:00,29,55,965.8,1.9,40
24-08-2018 07:00:00,29.7,52,964.8,1.6,38
24-08-2018 08:00:00,30.5,50,963.5,1.3,40
24-08-2018 09:00:00,32.3,44,962.4,1.5,28
24-08-2018 10:00:00,33,42,961.6,1.3,21
24-08-2018 11:00:00,32.7,42,961.3,1.8,39
24-08-2018 12:00:00,32.5,42,961.6,1,4
24-08-2018 13:00:00,31.5,45,962.3,0,359
24-08-2018 14:00:00,30.5,49,963.2,0.6,16
24-08-2018 15:00:00,30,50,964.1,0,359
24-08-2018 16:00:00,29.2,53,964.5,0,359
24-08-2018 17:00:00,28.7,55,965,0,359
24-08-2018 18:00:00,28.3,56,964.6,0,359
24-08-2018 19:00:00,27.5,60,964.3,0,359
24-08-2018 20:00:00,28,59,964,1.3,31
24-08-2018 21:00:00,27.3,60,963.1,0.6,18
24-08-2018 22:00:00,26.5,64,962.8,0.4,342
24-08-2018 23:00:00,26,67,963.1,0,359
25-08-2018 00:00:00,25.8,68,963.4,0.4,32
25-08-2018 01:00:00,26.2,65,964.1,1.2,33
25-08-2018 02:00:00,26.2,65,964.9,1.8,41
25-08-2018 03:00:00,26.9,63,965.5,1.3,20
25-08-2018 04:00:00,28.3,59,965.7,1,353
25-08-2018 05:00:00,29.4,55,965.4,1.1,349
25-08-2018 06:00:00,31.2,47,964.6,1.7,2
25-08-2018 07:00:00,32.6,43,963.3,2.8,332
25-08-2018 08:00:00,33.7,40,962.3,1.4,347
25-08-2018 09:00:00,34.5,38,961.4,3.2,37
25-08-2018 10:00:00,34.9,36,961,2.1,40
25-08-2018 11:00:00,34.2,38,960.9,2.4,40
25-08-2018 12:00:00,33.7,40,961.1,1.8,40
25-08-2018 13:00:00,32.5,41,961.7,0,359
25-08-2018 14:00:00,30.5,50,962.5,0,359
25-08-2018 15:00:00,29.3,58,963.7,1.4,310
25-08-2018 16:00:00,28.1,62,964.5,0.2,90
25-08-2018 17:00:00,27.7,66,965.3,0.8,285
25-08-2018 18:00:00,26,81,964.5,0,359
25-08-2018 19:00:00,25.9,83,964.1,0,359
25-08-2018 20:00:00,25.2,91,963.2,0,359
25-08-2018 21:00:00,24.7,90,962.4,0,359
25-08-2018 22:00:00,24.9,78,962.2,0,359
25-08-2018 23:00:00,26.9,58,962.6,1.3,31
26-08-2018 00:00:00,26.5,60,963,1.2,40
26-08-2018 01:00:00,26.2,61,963.3,1.2,355
26-08-2018 02:00:00,26.5,61,963.9,0.8,40
26-08-2018 03:00:00,27.7,58,964.4,1.4,25
26-08-2018 04:00:00,29,54,964.4,3.2,27
26-08-2018 05:00:00,30,50,964.3,2.8,34
26-08-2018 06:00:00,31.1,48,963.7,2.7,14
26-08-2018 07:00:00,32.5,43,962.7,2.6,38
26-08-2018 08:00:00,32.8,41,961.5,2.4,28
26-08-2018 09:00:00,33.9,38,960.3,2.6,37
26-08-2018 10:00:00,33.6,39,960,1.8,19
26-08-2018 11:00:00,33.6,39,959.6,0,359
26-08-2018 12:00:00,32.4,41,959.9,1.9,41
26-08-2018 13:00:00,31.5,43,960.7,0.6,25
26-08-2018 14:00:00,31,44,961.5,0,359
26-08-2018 15:00:00,30.3,46,962.5,0,359
26-08-2018 16:00:00,29.6,49,963,0,359
26-08-2018 17:00:00,28.8,53,963.3,0,359
26-08-2018 18:00:00,28.1,57,963.3,0,359
26-08-2018 19:00:00,27.6,58,962.9,0,359
26-08-2018 20:00:00,27.7,58,962.4,0.6,350
26-08-2018 21:00:00,27.4,58,962,0.4,20
26-08-2018 22:00:00,27.3,59,962,0.9,352
26-08-2018 23:00:00,26.6,62,962.5,1,358
27-08-2018 00:00:00,26.3,62,962.9,0,359
27-08-2018 01:00:00,25.9,63,963.5,0.6,346
27-08-2018 02:00:00,26.3,63,964.3,0.6,12
27-08-2018 03:00:00,27.2,61,964.6,0.9,35
27-08-2018 04:00:00,27.9,58,964.9,1,35
27-08-2018 05:00:00,28.7,56,964.7,1.4,38
27-08-2018 06:00:00,30,52,964.2,1.4,27
27-08-2018 07:00:00,31.5,47,962.9,1.5,29
27-08-2018 08:00:00,32.2,45,961.8,2.2,40
27-08-2018 09:00:00,33.5,41,960.8,2.6,348
27-08-2018 10:00:00,33,41,960,1.5,13
27-08-2018 11:00:00,32.2,43,960,1.9,35
27-08-2018 12:00:00,31.3,46,960.6,2,339
27-08-2018 13:00:00,29.5,55,961.7,3.3,40
27-08-2018 14:00:00,24.8,86,963.7,1.7,19
27-08-2018 15:00:00,22.4,0,964.1,0,359
27-08-2018 16:00:00,22.9,0,964,0,359
27-08-2018 17:00:00,23.4,0,964.4,0,359
27-08-2018 18:00:00,23.5,0,964,0,359
27-08-2018 19:00:00,23.6,0,964.1,0,359
27-08-2018 20:00:00,23.7,0,963.7,0,359
27-08-2018 21:00:00,23.3,0,962.9,0,359
27-08-2018 22:00:00,23.6,0,962.6,0,359
27-08-2018 23:00:00,23.3,0,962.8,0,359
28-08-2018 00:00:00,23.3,0,963.3,0,359
28-08-2018 01:00:00,22.8,0,963.4,0,359
28-08-2018 02:00:00,23.2,0,964.2,0,359
28-08-2018 03:00:00,24.4,0,964.6,0,359
28-08-2018 04:00:00,26.3,77,964.9,1.1,34
28-08-2018 05:00:00,28.2,64,964.8,0.8,21
28-08-2018 06:00:00,29.6,60,964.3,0.9,29
28-08-2018 07:00:00,30.9,53,963.4,1.6,335
28-08-2018 08:00:00,32.2,48,962.3,2.3,40
28-08-2018 09:00:00,32.7,47,961.5,1.9,8
28-08-2018 10:00:00,32.6,45,961,2,36
28-08-2018 11:00:00,32.3,48,960.7,1.8,39
28-08-2018 12:00:00,31.9,49,960.7,0,359
28-08-2018 13:00:00,30.6,57,961.5,0,359
28-08-2018 14:00:00,29.3,60,961.9,1.4,272
28-08-2018 15:00:00,29.2,57,962.8,2.3,275
28-08-2018 16:00:00,24.7,0,965.3,1.3,4
28-08-2018 17:00:00,23,0,964.6,0.8,103
28-08-2018 18:00:00,23.4,0,965.4,0,359
28-08-2018 19:00:00,23.3,0,965.4,0.2,69
28-08-2018 20:00:00,23.3,0,964.8,0,359
28-08-2018 21:00:00,23.1,0,964.4,0,359
28-08-2018 22:00:00,23.1,0,963.8,0,359
28-08-2018 23:00:00,22.8,0,963.8,0,359
29-08-2018 00:00:00,22.5,0,964.5,0,359
29-08-2018 01:00:00,22.6,0,965,0,359
29-08-2018 02:00:00,23.1,0,965.6,0,359
29-08-2018 03:00:00,25.2,88,966.5,0,359
29-08-2018 04:00:00,27.2,74,966.4,1.2,347
29-08-2018 05:00:00,28.6,63,966,2,40
29-08-2018 06:00:00,30.3,54,965.5,1.5,341
29-08-2018 07:00:00,30.9,52,964.9,2,38
29-08-2018 08:00:00,31.8,49,963.7,2.5,35
29-08-2018 09:00:00,32.5,45,962.7,2,32
29-08-2018 10:00:00,33.3,44,962,2.6,37
29-08-2018 11:00:00,32.3,44,961.7,1.5,6
29-08-2018 12:00:00,32.9,45,962,0,359
29-08-2018 13:00:00,30.9,49,962.8,0,359
29-08-2018 14:00:00,29.5,58,963.7,0,359
29-08-2018 15:00:00,28.9,60,964.7,1.2,327
29-08-2018 16:00:00,28.2,65,965.4,0,359
29-08-2018 17:00:00,27.8,59,965.5,0,359
29-08-2018 18:00:00,27.2,61,965.4,1,40
29-08-2018 19:00:00,27,64,965.1,0,359
29-08-2018 20:00:00,26.6,67,964.4,0,359
29-08-2018 21:00:00,26.1,69,964.1,0,359
29-08-2018 22:00:00,25.8,71,963.8,0,359
29-08-2018 23:00:00,25.9,69,963.9,1.1,20
30-08-2018 00:00:00,25.4,72,964.4,1,25
30-08-2018 01:00:00,25.2,75,964.8,0,359
30-08-2018 02:00:00,26.4,70,965.4,2.1,40
30-08-2018 03:00:00,27,67,965.8,1.6,34
30-08-2018 04:00:00,28.5,62,965.6,1.8,37
30-08-2018 05:00:00,29.6,58,965.4,1.9,37
30-08-2018 06:00:00,29.9,55,964.8,2,36
30-08-2018 07:00:00,31.2,52,963.7,3.1,39
30-08-2018 08:00:00,32.4,48,962.7,1.2,330
30-08-2018 09:00:00,33,46,961.9,0.8,10
30-08-2018 10:00:00,33.7,43,961.3,1.7,356
30-08-2018 11:00:00,32.5,48,960.9,0,359
30-08-2018 12:00:00,31.8,49,961.2,0,359
30-08-2018 13:00:00,31.2,53,961.6,0,359
30-08-2018 14:00:00,30.2,57,962.2,0,359
30-08-2018 15:00:00,29.4,57,963.3,1,35
30-08-2018 16:00:00,28.9,60,963.9,0,359
30-08-2018 17:00:00,28.3,65,964.4,0,359
30-08-2018 18:00:00,28.2,63,964.6,1.4,43
30-08-2018 19:00:00,27.2,70,964.5,1.3,40
30-08-2018 20:00:00,26.5,69,964.3,2.1,40
30-08-2018 21:00:00,26.7,69,964.1,0.4,9
30-08-2018 22:00:00,26.2,70,963.5,1.9,17
30-08-2018 23:00:00,26.1,71,964.1,1.3,24
31-08-2018 00:00:00,25.5,76,964.7,1.3,40
31-08-2018 01:00:00,24.1,96,965.4,0,359
31-08-2018 02:00:00,24.2,99,966.1,0.1,326
31-08-2018 03:00:00,24.9,98,966.5,0,359
31-08-2018 04:00:00,26.9,75,966.3,1.3,39
31-08-2018 05:00:00,28.6,63,965.8,2.1,8
31-08-2018 06:00:00,30.3,56,965,1.8,2
31-08-2018 07:00:00,31.1,51,963.8,3.2,38
31-08-2018 08:00:00,31.7,50,962.8,1.8,33
31-08-2018 09:00:00,31.1,47,962.4,2.7,35
31-08-2018 10:00:00,31.6,48,961.5,1.5,17
31-08-2018 11:00:00,31.5,50,961.5,0,359
31-08-2018 12:00:00,31.5,46,962.1,0,359
31-08-2018 13:00:00,30.6,49,962.9,0,359
31-08-2018 14:00:00,29.5,51,963.8,0,359
31-08-2018 15:00:00,28.3,61,964.5,0,359
31-08-2018 16:00:00,27.8,61,965.2,0,359
31-08-2018 17:00:00,28.2,68,965.6,0.8,323
31-08-2018 18:00:00,27,71,965.9,0,359
31-08-2018 19:00:00,26.5,75,965.2,0.8,320
31-08-2018 20:00:00,25.6,76,964.7,0,359
31-08-2018 21:00:00,25.2,75,964.6,0.8,11
31-08-2018 22:00:00,25.4,74,964.6,0,359
31-08-2018 23:00:00,25.8,71,964.5,1.1,28
